"param_name","value","b_elderly"
"age_dist_1_1",0.0429900545396214,0
"age_dist_2_1",0.095283926852743,0
"age_dist_3_1",0.18800128328521,0
"age_dist_4_1",0.195380173243503,0
"age_dist_5_1",0.165222970805261,0
"age_dist_6_1",0.161693936477382,0
"age_dist_7_1",0.0840551812640359,0
"age_dist_8_1",0.0372152710940006,0
"age_dist_9_1",0.0301572024382419,0
"age_dist_1_2",0.0395460797799175,0
"age_dist_2_2",0.0890646492434663,0
"age_dist_3_2",0.196354883081155,0
"age_dist_4_2",0.203576341127923,0
"age_dist_5_2",0.162654745529574,0
"age_dist_6_2",0.153370013755158,0
"age_dist_7_2",0.0859697386519945,0
"age_dist_8_2",0.0354195323246217,0
"age_dist_9_2",0.0340440165061898,0
"age_dist_1_3",0.0475570915086696,0
"age_dist_2_3",0.0807997941728473,0
"age_dist_3_3",0.188705892105528,0
"age_dist_4_3",0.235815643166887,0
"age_dist_5_3",0.188136733525108,0
"age_dist_6_3",0.157715561230292,0
"age_dist_7_3",0.0673128587885212,0
"age_dist_8_3",0.0214020812198393,0
"age_dist_9_3",0.0125543442823067,0
"age_dist_1_4",0.0454061027597038,0
"age_dist_2_4",0.0769856405654027,0
"age_dist_3_4",0.1767724927081,0
"age_dist_4_4",0.220495849225937,0
"age_dist_5_4",0.18081108368858,0
"age_dist_6_4",0.169957370428539,0
"age_dist_7_4",0.0832398474310074,0
"age_dist_8_4",0.0288590980480144,0
"age_dist_9_4",0.0174725151447162,0
"age_dist_1_5",0.0378187374653806,0
"age_dist_2_5",0.0644637570432623,0
"age_dist_3_5",0.25575398720275,0
"age_dist_4_5",0.277432909941744,0
"age_dist_5_5",0.165122719893038,0
"age_dist_6_5",0.12128736510362,0
"age_dist_7_5",0.0501384777003152,0
"age_dist_8_5",0.0170948333492503,0
"age_dist_9_5",0.0108872123006399,0
"age_dist_1_1",0.044131455399061,10
"age_dist_2_1",0.0935837245696401,10
"age_dist_3_1",0.180594679186228,10
"age_dist_4_1",0.193114241001565,10
"age_dist_5_1",0.164632237871674,10
"age_dist_6_1",0.154303599374022,10
"age_dist_7_1",0.0873239436619718,10
"age_dist_8_1",0.042566510172144,10
"age_dist_9_1",0.0397496087636933,10
"age_dist_1_2",0.0397286821705426,10
"age_dist_2_2",0.0936692506459948,10
"age_dist_3_2",0.189922480620155,10
"age_dist_4_2",0.190568475452196,10
"age_dist_5_2",0.162144702842377,10
"age_dist_6_2",0.151485788113695,10
"age_dist_7_2",0.0878552971576227,10
"age_dist_8_2",0.041343669250646,10
"age_dist_9_2",0.04328165374677,10
"age_dist_1_3",0.0467744949663666,10
"age_dist_2_3",0.0792207817358071,10
"age_dist_3_3",0.183740933214428,10
"age_dist_4_3",0.230725546185777,10
"age_dist_5_3",0.18458818323452,10
"age_dist_6_3",0.154654597953238,10
"age_dist_7_3",0.0707797508213484,10
"age_dist_8_3",0.0270054892118445,10
"age_dist_9_3",0.022510222676671,10
"age_dist_1_4",0.0439971679983817,10
"age_dist_2_4",0.0735308991605138,10
"age_dist_3_4",0.171715383837362,10
"age_dist_4_4",0.214448265399009,10
"age_dist_5_4",0.173662384949934,10
"age_dist_6_4",0.167947810255892,10
"age_dist_7_4",0.0864013350864772,10
"age_dist_8_4",0.0359815919894811,10
"age_dist_9_4",0.0323151613229493,10
"age_dist_1_5",0.0393258426966292,10
"age_dist_2_5",0.0631308322224338,10
"age_dist_3_5",0.253570748428871,10
"age_dist_4_5",0.274804799085888,10
"age_dist_5_5",0.160731289278233,10
"age_dist_6_5",0.122548086078842,10
"age_dist_7_5",0.051894877166254,10
"age_dist_8_5",0.0190439916206437,10
"age_dist_9_5",0.0149495334222053,10
"age_dist_1_1",0.0396220664431576,20
"age_dist_2_1",0.0874733313014325,20
"age_dist_3_1",0.182566290765011,20
"age_dist_4_1",0.187442852788784,20
"age_dist_5_1",0.15848826577263,20
"age_dist_6_1",0.14903992685157,20
"age_dist_7_1",0.0902163974398049,20
"age_dist_8_1",0.0508991161231332,20
"age_dist_9_1",0.0542517525144773,20
"age_dist_1_2",0.0391585760517799,20
"age_dist_2_2",0.0838187702265372,20
"age_dist_3_2",0.191585760517799,20
"age_dist_4_2",0.183818770226537,20
"age_dist_5_2",0.150485436893204,20
"age_dist_6_2",0.152427184466019,20
"age_dist_7_2",0.0932038834951456,20
"age_dist_8_2",0.0462783171521036,20
"age_dist_9_2",0.0592233009708738,20
"age_dist_1_3",0.045657590128262,20
"age_dist_2_3",0.0765749389164827,20
"age_dist_3_3",0.176236417716804,20
"age_dist_4_3",0.222102520508201,20
"age_dist_5_3",0.177981597420859,20
"age_dist_6_3",0.149101256957105,20
"age_dist_7_3",0.0769741426476118,20
"age_dist_8_3",0.0364447165207969,20
"age_dist_9_3",0.0389268191838779,20
"age_dist_1_4",0.0415103446762764,20
"age_dist_2_4",0.067596919634042,20
"age_dist_3_4",0.159547159876259,20
"age_dist_4_4",0.199302310274469,20
"age_dist_5_4",0.16564645999254,20
"age_dist_6_4",0.155597972750609,20
"age_dist_7_4",0.0966892647929968,20
"age_dist_8_4",0.0527874679128546,20
"age_dist_9_4",0.0613221000899537,20
"age_dist_1_5",0.0390952247975426,20
"age_dist_2_5",0.0632039467560272,20
"age_dist_3_5",0.251512612864191,20
"age_dist_4_5",0.274969747742716,20
"age_dist_5_5",0.159731918458531,20
"age_dist_6_5",0.117844177604021,20
"age_dist_7_5",0.053337056688076,20
"age_dist_8_5",0.0216885413757796,20
"age_dist_9_5",0.0186167737131155,20
"age_dist_1_1",0.0387779083431257,30
"age_dist_2_1",0.0863689776733255,30
"age_dist_3_1",0.161574618096357,30
"age_dist_4_1",0.18213866039953,30
"age_dist_5_1",0.150411280846063,30
"age_dist_6_1",0.150117508813161,30
"age_dist_7_1",0.0969447708578143,30
"age_dist_8_1",0.0608108108108108,30
"age_dist_9_1",0.072855464159812,30
"age_dist_1_2",0.0382700684505289,30
"age_dist_2_2",0.0780958307405103,30
"age_dist_3_2",0.182327317983821,30
"age_dist_4_2",0.185438705662726,30
"age_dist_5_2",0.14934660858743,30
"age_dist_6_2",0.153391412570006,30
"age_dist_7_2",0.0914747977598009,30
"age_dist_8_2",0.0513378967019291,30
"age_dist_9_2",0.0703173615432483,30
"age_dist_1_3",0.0432879219037133,30
"age_dist_2_3",0.0722933418108228,30
"age_dist_3_3",0.163845575293288,30
"age_dist_4_3",0.207120315734789,30
"age_dist_5_3",0.167310749094744,30
"age_dist_6_3",0.140967984554428,30
"age_dist_7_3",0.087519481425769,30
"age_dist_8_3",0.0527448456605851,30
"age_dist_9_3",0.0649097845218618,30
"age_dist_1_4",0.0370266949625824,30
"age_dist_2_4",0.0605244052272981,30
"age_dist_3_4",0.136504523623366,30
"age_dist_4_4",0.170236233664693,30
"age_dist_5_4",0.147869429241595,30
"age_dist_6_4",0.137663353066011,30
"age_dist_7_4",0.112001563721658,30
"age_dist_8_4",0.0834217580699207,30
"age_dist_9_4",0.114752038422875,30
"age_dist_1_5",0.036419641239355,30
"age_dist_2_5",0.0621489400253669,30
"age_dist_3_5",0.249048740713897,30
"age_dist_4_5",0.26961406051821,30
"age_dist_5_5",0.154013408226128,30
"age_dist_6_5",0.11877151657909,30
"age_dist_7_5",0.0572567494111252,30
"age_dist_8_5",0.0261822793984417,30
"age_dist_9_5",0.0265446638883856,30
