date,new_cases,new_restore_region,new_deaths,new_tests
2020-03-17,NA,1,NA,NA
2020-03-18,0,1,0,0
2020-03-19,0,1,0,0
2020-03-20,1,1,0,0
2020-03-21,3,1,0,0
2020-03-22,3,1,0,0
2020-03-24,0,1,0,0
2020-03-25,2,1,0,0
2020-03-26,4,1,0,0
2020-03-27,2,1,0,0
2020-03-28,2,1,0,0
2020-03-29,9,1,0,0
2020-03-30,2,1,0,0
2020-03-31,6,1,0,0
2020-04-01,11,1,2,0
2020-04-02,10,1,1,0
2020-04-03,8,1,0,0
2020-04-04,22,1,0,0
2020-04-05,17,1,0,0
2020-04-06,13,1,1,0
2020-04-07,25,1,2,0
2020-04-08,18,1,1,0
2020-04-09,12,1,0,0
2020-04-10,19,1,0,0
2020-04-11,5,1,1,0
2020-04-12,24,1,0,0
2020-04-13,18,1,0,0
2020-04-14,5,1,1,0
2020-04-15,19,1,2,0
2020-04-16,15,1,0,0
2020-04-17,49,1,1,0
2020-04-18,60,1,0,0
2020-04-19,8,1,0,0
2020-04-20,35,1,1,0
2020-04-21,18,1,5,0
2020-04-22,53,1,0,0
2020-04-23,31,1,3,0
2020-04-24,53,1,2,0
2020-04-25,59,1,2,0
2020-04-26,26,1,0,0
2020-04-27,57,1,1,0
2020-04-28,52,1,2,0
2020-04-29,52,1,0,0
2020-04-30,89,1,1,0
2020-05-01,83,1,1,0
2020-05-02,74,1,2,0
2020-05-03,98,1,5,0
2020-05-04,82,1,1,9622
2020-05-05,33,1,1,382
2020-05-06,83,1,1,492
2020-05-07,95,1,2,534
2020-05-08,115,1,1,749
2020-05-09,79,1,3,752
2020-05-10,68,1,1,498
2020-05-11,36,1,1,520
2020-05-12,320,1,7,3144
2020-05-13,76,1,5,1034
2020-05-14,154,1,0,1012
2020-05-15,94,1,2,1105
2020-05-16,76,1,1,999
2020-05-17,94,1,2,799
2020-05-18,85,1,2,1003
2020-05-19,50,1,5,561
2020-05-20,74,1,1,938
2020-05-21,109,1,6,1307
2020-05-22,151,1,3,2720
2020-05-23,97,1,3,1366
2020-05-24,119,1,1,1429
2020-05-25,44,1,1,650
2020-05-26,59,1,0,701
2020-05-27,20,1,1,638
2020-05-28,156,1,4,1126
2020-05-29,94,1,3,938
2020-05-30,84,1,1,984
2020-05-31,78,1,1,774
2020-06-01,62,1,0,755
2020-06-02,46,1,2,759
2020-06-03,60,1,5,1198
2020-06-04,69,1,7,1031
2020-06-05,93,1,5,804
2020-06-06,59,1,5,983
2020-06-07,51,1,0,956
2020-06-08,38,1,1,575
2020-06-09,30,1,5,699
2020-06-10,35,1,4,796
2020-06-11,36,1,4,872
2020-06-12,29,1,4,945
2020-06-13,39,1,2,1095
2020-06-14,61,1,0,912
2020-06-15,16,1,0,536
2020-06-16,34,1,0,549
2020-06-17,31,1,3,1297
2020-06-18,31,1,2,769
2020-06-19,46,1,1,962
2020-06-20,36,1,1,680
2020-06-21,46,1,0,1410
2020-06-22,26,1,1,773
2020-06-23,28,1,2,651
2020-06-24,26,1,5,989
2020-06-25,44,1,1,1143
2020-06-26,36,1,1,1161
2020-06-27,50,1,1,1220
2020-06-28,28,1,1,954
2020-06-29,17,1,0,993
2020-06-30,41,1,1,1171
2020-07-01,44,1,2,1697
2020-07-02,17,1,2,1073
2020-07-03,33,1,0,1097
2020-07-04,33,1,0,1051
2020-07-05,17,1,0,1126
2020-07-06,34,1,1,970
2020-07-07,31,1,2,1335
2020-07-08,29,1,4,790
2020-07-09,35,1,0,1091
2020-07-10,48,1,3,1018
2020-07-11,31,1,1,1095
2020-07-12,47,1,1,1797
2020-07-13,42,1,0,1424
2020-07-14,26,1,2,1116
2020-07-15,35,1,0,1234
2020-07-16,66,1,4,1535
2020-07-17,67,1,1,1508
2020-07-18,30,1,0,1208
2020-07-19,46,1,0,1129
2020-07-20,42,1,0,1177
2020-07-21,33,1,3,670
2020-07-22,55,1,3,1316
2020-07-23,89,1,1,1389
2020-07-24,71,1,2,1711
2020-07-25,71,1,1,1053
2020-07-26,70,1,0,1322
2020-07-27,44,1,3,1055
2020-07-28,66,1,3,1019
2020-07-29,38,1,3,2082
2020-07-30,56,1,3,1369
2020-07-31,56,1,1,1721
2020-08-01,65,1,0,908
2020-08-02,36,1,2,1318
2020-08-03,42,1,1,756
2020-08-04,60,1,2,1315
2020-08-05,74,1,1,1580
2020-08-06,67,1,1,1474
2020-08-07,47,1,1,1369
2020-08-08,59,1,3,1258
2020-08-09,29,1,0,1393
2020-08-10,23,1,0,770
2020-08-11,51,1,0,1317
2020-08-12,39,1,1,1310
2020-08-13,22,1,3,1083
2020-08-14,69,1,1,1509
2020-08-15,39,1,0,1070
2020-08-16,36,1,0,942
2020-08-17,62,1,2,1539
2020-08-18,53,1,0,1262
2020-08-19,118,1,1,2372
2020-08-20,35,1,2,1164
2020-08-21,76,1,0,1259
2020-08-22,57,1,1,1234
2020-08-23,62,1,0,1676
2020-08-24,48,1,2,1010
2020-08-25,55,1,5,1360
2020-08-26,85,1,1,1563
2020-08-27,68,1,2,903
2020-08-28,60,1,2,894
2020-08-29,44,1,0,1320
2020-08-30,56,1,0,1050
2020-08-31,58,1,0,1000
2020-09-01,68,1,2,794
2020-09-02,110,1,0,765
2020-09-03,38,1,0,828
2020-09-04,242,1,0,7550
2020-09-05,102,1,0,1904
2020-09-06,69,1,0,1817
2020-09-07,77,1,0,1473
2020-09-08,59,1,0,892
2020-09-09,80,1,0,1252
2020-09-10,126,1,1,1177
2020-09-11,121,1,0,2019
2020-09-12,63,1,0,1229
2020-09-13,56,1,0,1539
2020-09-14,139,1,0,1910
2020-09-15,77,1,1,1565
2020-09-16,156,1,0,1907
2020-09-17,160,1,2,2104
2020-09-18,96,1,1,1803
2020-09-19,195,1,0,2935
2020-09-20,95,1,1,1670
2020-09-21,112,1,0,2032
2020-09-22,152,1,0,2159
2020-09-23,203,1,0,1649
2020-09-24,203,1,0,2376
2020-09-25,212,1,0,2946
2020-09-26,181,1,0,2838
2020-09-27,171,1,1,2376
2020-09-28,146,1,0,2022
2020-09-29,85,1,3,1817
2020-09-30,328,1,2,2551
2020-10-01,243,1,1,2838
2020-10-02,214,1,1,3516
2020-10-03,294,1,0,3466
2020-10-04,134,1,1,2561
2020-10-05,177,1,1,2112
2020-10-06,161,1,4,2314
2020-10-07,322,1,0,1840
2020-10-08,317,1,1,3852
2020-10-09,313,1,0,3872
2020-10-10,293,1,2,3279
2020-10-11,158,1,0,3364
2020-10-12,279,1,0,2137
2020-10-13,297,1,0,2441
2020-10-14,269,1,5,2669
2020-10-15,393,1,3,3450
2020-10-16,346,1,3,3519
2020-10-17,309,1,0,3508
2020-10-18,466,1,2,4882
2020-10-19,239,1,2,2604
2020-10-20,359,1,5,2645
2020-10-21,368,1,8,2479
2020-10-22,511,1,8,3932
2020-10-23,267,1,0,3446
2020-10-24,521,1,3,3999
2020-10-25,277,1,3,3823
2020-10-26,395,1,0,2670
2020-10-27,300,1,4,2482
2020-10-28,513,1,6,3108
2020-10-29,538,1,5,4231
2020-10-30,505,1,2,4276
2020-10-31,759,1,4,4784
2020-11-01,479,1,0,4206
2020-11-02,511,1,0,3051
2020-11-03,478,1,12,4268
2020-11-04,540,1,7,3055
2020-11-05,760,1,5,4349
2020-11-06,923,1,6,4167
2020-11-07,831,1,10,5469
2020-11-08,666,1,1,4179
2020-11-09,675,1,1,2916
2020-11-10,874,1,6,5068
2020-11-11,768,1,12,4168
2020-11-12,798,1,4,3510
2020-11-13,899,1,4,3690
2020-11-14,519,1,5,4245
2020-11-15,604,1,8,4097
2020-11-16,724,1,0,4297
2020-11-17,591,1,8,3718
2020-11-18,447,1,8,2835
2020-11-19,713,1,15,4699
2020-11-20,705,1,13,3816
2020-11-21,638,1,6,4946
2020-11-22,543,1,2,4311
2020-11-23,431,1,1,3138
2020-11-24,712,1,9,5002
2020-11-25,595,1,15,4018
2020-11-26,608,1,12,4104
2020-11-27,541,1,2,2854
2020-11-28,404,1,6,3810
2020-11-29,484,1,2,3460
2020-11-30,392,1,2,2611
2020-12-01,546,1,12,3700
2020-12-02,384,1,18,2752
2020-12-03,677,1,20,3585
2020-12-04,588,1,15,6074
2020-12-05,585,1,17,3812
2020-12-06,359,1,7,3098
2020-12-07,360,1,0,2696
2020-12-08,454,1,8,4131
2020-12-09,389,1,12,3588
2020-12-10,586,1,14,4881
2020-12-11,529,1,14,5890
2020-12-12,467,1,8,7975
2020-12-13,348,1,6,3133
2020-12-14,316,1,1,3434
2020-12-15,356,1,12,3817
2020-12-16,435,1,11,4996
2020-12-17,420,1,7,4346
2020-12-18,438,1,12,4623
2020-12-19,314,1,10,3954
2020-12-20,255,1,8,3336
2020-12-21,248,1,1,3704
2020-12-22,290,1,8,3024
2020-12-23,388,1,9,3354
2020-12-24,299,1,3,3710
2020-12-25,202,1,9,4674
2020-12-26,234,1,2,2605
2020-12-27,130,1,2,1968
2020-12-28,280,1,6,1677
2020-12-29,276,1,8,2931
2020-12-30,307,1,14,2818
2020-12-31,420,1,9,4428
2021-01-01,358,1,6,3691
2021-01-02,303,1,1,2558
2021-01-03,181,1,0,2317
2021-01-04,260,1,2,1665
2021-01-05,269,1,8,2768
2021-01-06,430,1,7,3984
2021-01-07,404,1,7,4141
2021-01-08,415,1,7,4701
2021-01-09,331,1,7,4706
2021-01-10,234,1,0,2926
2021-01-11,253,1,1,2800
2021-01-12,246,1,8,2850
2021-01-13,283,1,6,4713
2021-01-14,358,1,4,5183
2021-01-15,277,1,2,4254
2021-01-16,268,1,7,4723
2021-01-17,149,1,0,2871
2020-03-17,NA,2,NA,NA
2020-03-18,4,2,0,0
2020-03-19,1,2,0,0
2020-03-20,5,2,0,0
2020-03-21,2,2,0,0
2020-03-22,4,2,1,0
2020-03-24,5,2,0,0
2020-03-25,5,2,0,0
2020-03-26,7,2,0,0
2020-03-27,8,2,0,0
2020-03-28,6,2,0,0
2020-03-29,14,2,2,0
2020-03-30,10,2,1,0
2020-03-31,8,2,1,0
2020-04-01,20,2,0,0
2020-04-02,32,2,0,0
2020-04-03,16,2,0,0
2020-04-04,29,2,0,0
2020-04-05,29,2,1,0
2020-04-06,19,2,0,0
2020-04-07,34,2,1,0
2020-04-08,55,2,1,0
2020-04-09,23,2,2,0
2020-04-10,33,2,1,0
2020-04-11,25,2,0,0
2020-04-12,24,2,0,0
2020-04-13,35,2,0,0
2020-04-14,21,2,1,0
2020-04-15,35,2,1,0
2020-04-16,23,2,1,0
2020-04-17,26,2,0,0
2020-04-18,66,2,2,0
2020-04-19,5,2,0,0
2020-04-20,34,2,1,0
2020-04-21,27,2,2,0
2020-04-22,49,2,2,0
2020-04-23,52,2,1,0
2020-04-24,74,2,0,0
2020-04-25,58,2,0,0
2020-04-26,37,2,0,0
2020-04-27,41,2,2,0
2020-04-28,64,2,1,0
2020-04-29,67,2,2,0
2020-04-30,57,2,1,0
2020-05-01,50,2,0,0
2020-05-02,79,2,0,0
2020-05-03,67,2,0,0
2020-05-04,63,2,1,15495
2020-05-05,19,2,7,931
2020-05-06,79,2,5,909
2020-05-07,58,2,2,1153
2020-05-08,61,2,2,1381
2020-05-09,49,2,5,952
2020-05-10,59,2,1,1245
2020-05-11,24,2,0,745
2020-05-12,79,2,4,1569
2020-05-13,45,2,0,1190
2020-05-14,44,2,2,1077
2020-05-15,65,2,4,1603
2020-05-16,59,2,1,1195
2020-05-17,51,2,2,1286
2020-05-18,55,2,1,1293
2020-05-19,39,2,5,1693
2020-05-20,46,2,3,1229
2020-05-21,29,2,5,1458
2020-05-22,78,2,3,1927
2020-05-23,50,2,0,1544
2020-05-24,36,2,1,1219
2020-05-25,25,2,3,1026
2020-05-26,26,2,2,1318
2020-05-27,13,2,6,1268
2020-05-28,33,2,1,1412
2020-05-29,61,2,2,1324
2020-05-30,37,2,4,1974
2020-05-31,50,2,1,1578
2020-06-01,19,2,0,1143
2020-06-02,69,2,3,1335
2020-06-03,47,2,1,1715
2020-06-04,32,2,3,2204
2020-06-05,44,2,1,1475
2020-06-06,29,2,1,1163
2020-06-07,17,2,0,1501
2020-06-08,34,2,0,886
2020-06-09,12,2,5,1156
2020-06-10,35,2,3,1940
2020-06-11,39,2,3,1773
2020-06-12,43,2,2,1911
2020-06-13,49,2,2,2007
2020-06-14,24,2,0,1775
2020-06-15,13,2,0,1396
2020-06-16,19,2,0,974
2020-06-17,21,2,3,2282
2020-06-18,38,2,1,2672
2020-06-19,25,2,1,1957
2020-06-20,19,2,1,2041
2020-06-21,35,2,2,1526
2020-06-22,21,2,0,1253
2020-06-23,27,2,1,1479
2020-06-24,34,2,2,2347
2020-06-25,44,2,1,2624
2020-06-26,33,2,-1,1768
2020-06-27,82,2,1,2217
2020-06-28,39,2,1,1681
2020-06-29,39,2,0,2247
2020-06-30,41,2,3,2253
2020-07-01,71,2,0,2691
2020-07-02,53,2,0,2431
2020-07-03,107,2,2,2966
2020-07-04,57,2,0,2580
2020-07-05,40,2,0,2201
2020-07-06,73,2,0,2187
2020-07-07,45,2,3,2428
2020-07-08,65,2,1,2421
2020-07-09,79,2,2,2889
2020-07-10,97,2,1,2450
2020-07-11,108,2,0,2833
2020-07-12,90,2,0,3145
2020-07-13,84,2,0,2872
2020-07-14,79,2,-2,3495
2020-07-15,100,2,0,3680
2020-07-16,91,2,0,5191
2020-07-17,126,2,2,4778
2020-07-18,108,2,1,4729
2020-07-19,87,2,0,3576
2020-07-20,64,2,1,2816
2020-07-21,67,2,0,1696
2020-07-22,124,2,1,3954
2020-07-23,133,2,0,3269
2020-07-24,133,2,0,3821
2020-07-25,141,2,0,3711
2020-07-26,101,2,0,3435
2020-07-27,88,2,1,2915
2020-07-28,104,2,0,2302
2020-07-29,133,2,2,3852
2020-07-30,248,2,0,4032
2020-07-31,206,2,1,4928
2020-08-01,163,2,0,3357
2020-08-02,128,2,1,3295
2020-08-03,158,2,3,3140
2020-08-04,163,2,4,3683
2020-08-05,213,2,2,4315
2020-08-06,203,2,1,4996
2020-08-07,202,2,3,4628
2020-08-08,255,2,4,4841
2020-08-09,160,2,0,4788
2020-08-10,171,2,0,3381
2020-08-11,169,2,2,3235
2020-08-12,163,2,3,3975
2020-08-13,213,2,5,5433
2020-08-14,266,2,1,4960
2020-08-15,224,2,2,4229
2020-08-16,168,2,2,4088
2020-08-17,141,2,5,2577
2020-08-18,247,2,4,3321
2020-08-19,257,2,4,4021
2020-08-20,200,2,3,6382
2020-08-21,240,2,3,4761
2020-08-22,301,2,0,3734
2020-08-23,196,2,0,4547
2020-08-24,205,2,0,3276
2020-08-25,194,2,5,2923
2020-08-26,212,2,10,4196
2020-08-27,260,2,2,3457
2020-08-28,218,2,1,4322
2020-08-29,253,2,1,4712
2020-08-30,376,2,1,5171
2020-08-31,272,2,1,4548
2020-09-01,192,2,10,2135
2020-09-02,404,2,3,3881
2020-09-03,245,2,4,5173
2020-09-04,724,2,7,11464
2020-09-05,333,2,4,5490
2020-09-06,282,2,0,5395
2020-09-07,180,2,1,3051
2020-09-08,99,2,0,2119
2020-09-09,181,2,4,2614
2020-09-10,246,2,4,4600
2020-09-11,210,2,3,5205
2020-09-12,290,2,1,5304
2020-09-13,194,2,0,4895
2020-09-14,173,2,1,3087
2020-09-15,207,2,5,2726
2020-09-16,251,2,5,4982
2020-09-17,214,2,3,5474
2020-09-18,280,2,2,5948
2020-09-19,277,2,7,5489
2020-09-20,177,2,1,4455
2020-09-21,157,2,0,3652
2020-09-22,185,2,5,2574
2020-09-23,276,2,5,4193
2020-09-24,219,2,3,5576
2020-09-25,268,2,1,6091
2020-09-26,261,2,4,4963
2020-09-27,176,2,3,4687
2020-09-28,127,2,0,3168
2020-09-29,140,2,2,3200
2020-09-30,205,2,6,4278
2020-10-01,226,2,4,4641
2020-10-02,240,2,6,5582
2020-10-03,270,2,10,5911
2020-10-04,146,2,0,4186
2020-10-05,183,2,1,3174
2020-10-06,170,2,3,3138
2020-10-07,197,2,4,4182
2020-10-08,259,2,4,5119
2020-10-09,269,2,8,5505
2020-10-10,244,2,4,4924
2020-10-11,367,2,3,5884
2020-10-12,227,2,2,3898
2020-10-13,235,2,3,3197
2020-10-14,316,2,10,4817
2020-10-15,375,2,7,5699
2020-10-16,516,2,1,6114
2020-10-17,296,2,4,6198
2020-10-18,295,2,4,5896
2020-10-19,255,2,4,3153
2020-10-20,397,2,8,4793
2020-10-21,367,2,13,6428
2020-10-22,396,2,9,6005
2020-10-23,413,2,8,6689
2020-10-24,508,2,11,6758
2020-10-25,414,2,-1,4548
2020-10-26,409,2,3,5224
2020-10-27,447,2,11,4876
2020-10-28,545,2,10,5828
2020-10-29,507,2,7,6986
2020-10-30,669,2,6,7482
2020-10-31,655,2,3,6467
2020-11-01,542,2,6,5779
2020-11-02,579,2,-1,5819
2020-11-03,548,2,13,5496
2020-11-04,833,2,3,6680
2020-11-05,1092,2,16,7961
2020-11-06,2254,2,6,10062
2020-11-07,1368,2,10,8880
2020-11-08,1112,2,1,7912
2020-11-09,1181,2,2,5369
2020-11-10,1368,2,17,9098
2020-11-11,1540,2,18,9131
2020-11-12,1346,2,7,8898
2020-11-13,1741,2,3,10639
2020-11-14,1384,2,24,10625
2020-11-15,965,2,12,6453
2020-11-16,1329,2,6,8445
2020-11-17,1324,2,12,7700
2020-11-18,1424,2,17,10861
2020-11-19,1435,2,24,10799
2020-11-20,1541,2,20,12474
2020-11-21,1432,2,14,11545
2020-11-22,1035,2,7,7081
2020-11-23,948,2,5,7878
2020-11-24,1205,2,28,9490
2020-11-25,1216,2,23,11071
2020-11-26,1122,2,20,11263
2020-11-27,946,2,9,6499
2020-11-28,792,2,4,8896
2020-11-29,921,2,6,5971
2020-11-30,806,2,6,6815
2020-12-01,1107,2,27,8593
2020-12-02,1028,2,38,7490
2020-12-03,1257,2,24,8565
2020-12-04,1126,2,22,12136
2020-12-05,1169,2,30,10252
2020-12-06,596,2,12,6961
2020-12-07,804,2,7,6722
2020-12-08,1045,2,29,7396
2020-12-09,899,2,18,10360
2020-12-10,1195,2,27,12253
2020-12-11,1062,2,27,10751
2020-12-12,856,2,23,13951
2020-12-13,743,2,23,6406
2020-12-14,632,2,1,9456
2020-12-15,695,2,19,8574
2020-12-16,1028,2,19,8881
2020-12-17,995,2,33,9908
2020-12-18,713,2,21,11040
2020-12-19,772,2,14,8211
2020-12-20,637,2,7,7989
2020-12-21,491,2,6,7270
2020-12-22,594,2,14,7187
2020-12-23,768,2,19,8461
2020-12-24,824,2,11,9530
2020-12-25,743,2,27,12773
2020-12-26,279,2,6,5456
2020-12-27,356,2,11,3363
2020-12-28,511,2,24,4108
2020-12-29,581,2,16,6945
2020-12-30,847,2,30,8449
2020-12-31,923,2,25,9872
2021-01-01,817,2,23,11880
2021-01-02,494,2,6,7320
2021-01-03,418,2,0,4708
2021-01-04,510,2,11,3411
2021-01-05,625,2,17,7612
2021-01-06,734,2,22,8026
2021-01-07,970,2,30,12494
2021-01-08,992,2,26,11860
2021-01-09,706,2,15,9480
2021-01-10,526,2,8,8938
2021-01-11,380,2,4,6255
2021-01-12,628,2,11,8309
2021-01-13,608,2,12,6928
2021-01-14,768,2,23,12827
2021-01-15,687,2,15,14070
2021-01-16,536,2,11,8175
2021-01-17,403,2,1,8581
2020-03-17,NA,3,NA,NA
2020-03-18,0,3,0,0
2020-03-19,1,3,0,0
2020-03-20,2,3,1,0
2020-03-21,0,3,0,0
2020-03-22,0,3,0,0
2020-03-24,1,3,0,0
2020-03-25,1,3,0,0
2020-03-26,2,3,0,0
2020-03-27,0,3,0,0
2020-03-28,3,3,0,0
2020-03-29,9,3,0,0
2020-03-30,10,3,0,0
2020-03-31,4,3,1,0
2020-04-01,5,3,1,0
2020-04-02,4,3,1,0
2020-04-03,5,3,1,0
2020-04-04,12,3,0,0
2020-04-05,11,3,1,0
2020-04-06,14,3,0,0
2020-04-07,10,3,1,0
2020-04-08,8,3,0,0
2020-04-09,23,3,0,0
2020-04-10,12,3,0,0
2020-04-11,3,3,0,0
2020-04-12,2,3,0,0
2020-04-13,8,3,0,0
2020-04-14,4,3,1,0
2020-04-15,4,3,0,0
2020-04-16,9,3,1,0
2020-04-17,7,3,0,0
2020-04-18,12,3,0,0
2020-04-19,5,3,1,0
2020-04-20,4,3,0,0
2020-04-21,13,3,0,0
2020-04-22,12,3,0,0
2020-04-23,9,3,1,0
2020-04-24,23,3,1,0
2020-04-25,22,3,1,0
2020-04-26,16,3,0,0
2020-04-27,14,3,2,0
2020-04-28,69,3,0,0
2020-04-29,17,3,1,0
2020-04-30,18,3,0,0
2020-05-01,21,3,2,0
2020-05-02,25,3,1,0
2020-05-03,6,3,0,0
2020-05-04,10,3,0,9142
2020-05-05,13,3,4,228
2020-05-06,35,3,0,680
2020-05-07,11,3,1,525
2020-05-08,28,3,4,729
2020-05-09,13,3,0,539
2020-05-10,4,3,0,456
2020-05-11,6,3,0,360
2020-05-12,25,3,2,813
2020-05-13,4,3,2,578
2020-05-14,20,3,1,1372
2020-05-15,13,3,1,1300
2020-05-16,4,3,0,1661
2020-05-17,6,3,0,469
2020-05-18,7,3,0,1008
2020-05-19,2,3,0,630
2020-05-20,11,3,0,2162
2020-05-21,7,3,1,1494
2020-05-22,1,3,0,577
2020-05-23,6,3,0,1242
2020-05-24,2,3,0,373
2020-05-25,2,3,0,311
2020-05-26,4,3,0,619
2020-05-27,9,3,1,774
2020-05-28,12,3,2,1065
2020-05-29,9,3,1,944
2020-05-30,8,3,0,435
2020-05-31,7,3,0,512
2020-06-01,0,3,0,609
2020-06-02,5,3,1,453
2020-06-03,5,3,0,916
2020-06-04,10,3,0,1282
2020-06-05,5,3,0,1074
2020-06-06,4,3,2,486
2020-06-07,4,3,0,514
2020-06-08,1,3,0,707
2020-06-09,12,3,0,1006
2020-06-10,3,3,0,908
2020-06-11,54,3,0,1697
2020-06-12,10,3,1,1843
2020-06-13,-3,3,0,1198
2020-06-14,6,3,0,630
2020-06-15,9,3,0,607
2020-06-16,3,3,0,787
2020-06-17,3,3,1,789
2020-06-18,15,3,0,1835
2020-06-19,31,3,1,2309
2020-06-20,0,3,0,1425
2020-06-21,10,3,0,723
2020-06-22,5,3,0,711
2020-06-23,12,3,0,1197
2020-06-24,32,3,0,2091
2020-06-25,11,3,0,2233
2020-06-26,11,3,1,1668
2020-06-27,20,3,0,1372
2020-06-28,9,3,0,818
2020-06-29,17,3,0,1302
2020-06-30,11,3,1,1038
2020-07-01,15,3,1,796
2020-07-02,20,3,0,1298
2020-07-03,16,3,4,1540
2020-07-04,19,3,1,1424
2020-07-05,17,3,0,877
2020-07-06,19,3,0,929
2020-07-07,23,3,1,1560
2020-07-08,22,3,0,1215
2020-07-09,33,3,0,2634
2020-07-10,44,3,1,1547
2020-07-11,37,3,0,1618
2020-07-12,28,3,2,1657
2020-07-13,51,3,1,1953
2020-07-14,39,3,1,1508
2020-07-15,53,3,0,2852
2020-07-16,49,3,0,2635
2020-07-17,56,3,0,2469
2020-07-18,52,3,1,2267
2020-07-19,39,3,0,1702
2020-07-20,66,3,1,2108
2020-07-21,41,3,0,1078
2020-07-22,46,3,1,2149
2020-07-23,67,3,0,2443
2020-07-24,51,3,0,2259
2020-07-25,53,3,0,1581
2020-07-26,51,3,0,2009
2020-07-27,61,3,0,1525
2020-07-28,39,3,2,1496
2020-07-29,60,3,1,1894
2020-07-30,81,3,0,2764
2020-07-31,111,3,0,2401
2020-08-01,94,3,0,2432
2020-08-02,68,3,2,1817
2020-08-03,69,3,2,1358
2020-08-04,48,3,2,2075
2020-08-05,102,3,0,1927
2020-08-06,146,3,0,2817
2020-08-07,122,3,1,3483
2020-08-08,113,3,0,2405
2020-08-09,58,3,0,1895
2020-08-10,124,3,0,1603
2020-08-11,88,3,2,2028
2020-08-12,132,3,0,2062
2020-08-13,88,3,1,3311
2020-08-14,186,3,5,2780
2020-08-15,103,3,0,2443
2020-08-16,116,3,2,1583
2020-08-17,78,3,0,1520
2020-08-18,83,3,1,1934
2020-08-19,113,3,3,2019
2020-08-20,84,3,3,3232
2020-08-21,98,3,2,1629
2020-08-22,88,3,1,2152
2020-08-23,82,3,0,1802
2020-08-24,70,3,0,1120
2020-08-25,83,3,1,1844
2020-08-26,87,3,1,2388
2020-08-27,87,3,1,1432
2020-08-28,93,3,3,1814
2020-08-29,84,3,1,2480
2020-08-30,30,3,0,1131
2020-08-31,68,3,0,1660
2020-09-01,73,3,7,622
2020-09-02,152,3,4,1078
2020-09-03,54,3,1,1876
2020-09-04,277,3,1,7346
2020-09-05,90,3,0,2259
2020-09-06,41,3,2,1717
2020-09-07,23,3,0,868
2020-09-08,33,3,1,1239
2020-09-09,93,3,5,1761
2020-09-10,111,3,7,2484
2020-09-11,126,3,3,2899
2020-09-12,89,3,0,2382
2020-09-13,46,3,0,1420
2020-09-14,35,3,0,1416
2020-09-15,77,3,2,1687
2020-09-16,108,3,1,2824
2020-09-17,128,3,3,2486
2020-09-18,176,3,0,3552
2020-09-19,106,3,4,2115
2020-09-20,64,3,1,1394
2020-09-21,48,3,0,1220
2020-09-22,109,3,4,1661
2020-09-23,106,3,1,2415
2020-09-24,112,3,0,2629
2020-09-25,229,3,5,3394
2020-09-26,138,3,2,2566
2020-09-27,52,3,0,1467
2020-09-28,96,3,0,1699
2020-09-29,99,3,0,1923
2020-09-30,104,3,4,2226
2020-10-01,141,3,3,2860
2020-10-02,90,3,4,2537
2020-10-03,128,3,3,1997
2020-10-04,54,3,0,908
2020-10-05,61,3,1,1521
2020-10-06,91,3,3,2146
2020-10-07,150,3,5,2706
2020-10-08,150,3,4,3186
2020-10-09,140,3,3,2470
2020-10-10,161,3,2,2535
2020-10-11,130,3,0,1735
2020-10-12,128,3,0,1772
2020-10-13,114,3,-1,1353
2020-10-14,201,3,9,2209
2020-10-15,172,3,2,3278
2020-10-16,243,3,3,3568
2020-10-17,129,3,0,2104
2020-10-18,232,3,4,2403
2020-10-19,136,3,1,2091
2020-10-20,176,3,7,2077
2020-10-21,241,3,3,3262
2020-10-22,283,3,2,3351
2020-10-23,131,3,4,2925
2020-10-24,346,3,6,2414
2020-10-25,191,3,1,2231
2020-10-26,203,3,1,2179
2020-10-27,212,3,6,1881
2020-10-28,283,3,1,3172
2020-10-29,301,3,4,3453
2020-10-30,359,3,5,3954
2020-10-31,322,3,4,3394
2020-11-01,177,3,3,2695
2020-11-02,325,3,2,2619
2020-11-03,307,3,4,3384
2020-11-04,382,3,3,2191
2020-11-05,621,3,4,4630
2020-11-06,1087,3,4,4745
2020-11-07,627,3,1,3506
2020-11-08,630,3,1,3879
2020-11-09,579,3,1,2043
2020-11-10,804,3,3,5822
2020-11-11,869,3,7,4842
2020-11-12,647,3,5,4293
2020-11-13,1001,3,3,5731
2020-11-14,538,3,6,5846
2020-11-15,523,3,7,3600
2020-11-16,665,3,2,4314
2020-11-17,835,3,8,4767
2020-11-18,587,3,4,6246
2020-11-19,816,3,12,7374
2020-11-20,903,3,5,6407
2020-11-21,622,3,7,6444
2020-11-22,526,3,2,4494
2020-11-23,349,3,1,4726
2020-11-24,603,3,5,4777
2020-11-25,602,3,11,8046
2020-11-26,645,3,12,6178
2020-11-27,339,3,1,3156
2020-11-28,384,3,2,5501
2020-11-29,387,3,2,2556
2020-11-30,320,3,2,3157
2020-12-01,522,3,12,3814
2020-12-02,538,3,13,4944
2020-12-03,617,3,18,5878
2020-12-04,512,3,12,5798
2020-12-05,403,3,16,6679
2020-12-06,395,3,4,3819
2020-12-07,308,3,1,3725
2020-12-08,571,3,11,4535
2020-12-09,518,3,20,6790
2020-12-10,472,3,14,7525
2020-12-11,709,3,13,6497
2020-12-12,527,3,11,8243
2020-12-13,280,3,11,2838
2020-12-14,412,3,1,5953
2020-12-15,418,3,6,4676
2020-12-16,387,3,14,5578
2020-12-17,437,3,10,4976
2020-12-18,319,3,14,4773
2020-12-19,331,3,10,5413
2020-12-20,245,3,6,3492
2020-12-21,224,3,1,3973
2020-12-22,388,3,8,4384
2020-12-23,344,3,11,5261
2020-12-24,453,3,6,5235
2020-12-25,241,3,5,4642
2020-12-26,288,3,5,2774
2020-12-27,183,3,5,2064
2020-12-28,233,3,12,1944
2020-12-29,488,3,7,5096
2020-12-30,396,3,7,5489
2020-12-31,434,3,13,6161
2021-01-01,436,3,9,6717
2021-01-02,246,3,3,3498
2021-01-03,189,3,4,2041
2021-01-04,354,3,3,1742
2021-01-05,467,3,5,4549
2021-01-06,415,3,4,6570
2021-01-07,429,3,17,6237
2021-01-08,424,3,7,6961
2021-01-09,425,3,8,6992
2021-01-10,227,3,2,3759
2021-01-11,373,3,0,3433
2021-01-12,409,3,11,3973
2021-01-13,322,3,10,5556
2021-01-14,373,3,9,7191
2021-01-15,316,3,7,6185
2021-01-16,309,3,12,5101
2021-01-17,167,3,0,4366
2020-03-17,NA,4,NA,NA
2020-03-18,3,4,0,0
2020-03-19,1,4,0,0
2020-03-20,0,4,0,0
2020-03-21,1,4,0,0
2020-03-22,0,4,0,0
2020-03-24,5,4,0,0
2020-03-25,3,4,0,0
2020-03-26,11,4,0,0
2020-03-27,4,4,0,0
2020-03-28,5,4,0,0
2020-03-29,17,4,1,0
2020-03-30,8,4,0,0
2020-03-31,13,4,1,0
2020-04-01,24,4,0,0
2020-04-02,9,4,0,0
2020-04-03,12,4,0,0
2020-04-04,50,4,0,0
2020-04-05,12,4,0,0
2020-04-06,16,4,0,0
2020-04-07,31,4,2,0
2020-04-08,49,4,2,0
2020-04-09,61,4,1,0
2020-04-10,36,4,1,0
2020-04-11,24,4,2,0
2020-04-12,29,4,1,0
2020-04-13,20,4,0,0
2020-04-14,32,4,2,0
2020-04-15,21,4,3,0
2020-04-16,32,4,7,0
2020-04-17,29,4,7,0
2020-04-18,32,4,1,0
2020-04-19,23,4,2,0
2020-04-20,11,4,2,0
2020-04-21,24,4,2,0
2020-04-22,71,4,5,0
2020-04-23,32,4,0,0
2020-04-24,88,4,3,0
2020-04-25,36,4,8,0
2020-04-26,82,4,0,0
2020-04-27,19,4,1,0
2020-04-28,68,4,2,0
2020-04-29,42,4,5,0
2020-04-30,66,4,5,0
2020-05-01,32,4,3,0
2020-05-02,22,4,3,0
2020-05-03,77,4,3,0
2020-05-04,17,4,4,7156
2020-05-05,37,4,10,68
2020-05-06,50,4,2,212
2020-05-07,55,4,3,293
2020-05-08,40,4,4,473
2020-05-09,62,4,6,554
2020-05-10,38,4,1,387
2020-05-11,21,4,2,306
2020-05-12,22,4,5,103
2020-05-13,34,4,10,404
2020-05-14,54,4,2,457
2020-05-15,16,4,5,653
2020-05-16,43,4,4,595
2020-05-17,31,4,3,454
2020-05-18,16,4,1,194
2020-05-19,31,4,6,312
2020-05-20,39,4,3,1127
2020-05-21,36,4,2,633
2020-05-22,37,4,2,711
2020-05-23,47,4,3,774
2020-05-24,39,4,2,490
2020-05-25,34,4,2,328
2020-05-26,28,4,3,351
2020-05-27,28,4,3,220
2020-05-28,23,4,4,426
2020-05-29,63,4,3,667
2020-05-30,45,4,2,745
2020-05-31,25,4,4,846
2020-06-01,29,4,0,371
2020-06-02,24,4,4,152
2020-06-03,46,4,7,618
2020-06-04,33,4,3,804
2020-06-05,50,4,1,864
2020-06-06,49,4,1,1027
2020-06-07,24,4,1,553
2020-06-08,13,4,1,479
2020-06-09,29,4,4,282
2020-06-10,28,4,8,528
2020-06-11,36,4,3,857
2020-06-12,32,4,0,924
2020-06-13,63,4,5,627
2020-06-14,39,4,0,1151
2020-06-15,39,4,0,1004
2020-06-16,35,4,6,261
2020-06-17,38,4,5,1213
2020-06-18,44,4,1,1141
2020-06-19,37,4,0,1321
2020-06-20,42,4,2,1878
2020-06-21,35,4,0,1093
2020-06-22,11,4,2,479
2020-06-23,26,4,1,921
2020-06-24,62,4,4,2083
2020-06-25,57,4,3,2250
2020-06-26,44,4,1,844
2020-06-27,64,4,2,1232
2020-06-28,58,4,0,857
2020-06-29,84,4,-1,1589
2020-06-30,17,4,1,1212
2020-07-01,51,4,2,1154
2020-07-02,43,4,1,1043
2020-07-03,66,4,0,1145
2020-07-04,44,4,0,1127
2020-07-05,60,4,0,1287
2020-07-06,33,4,0,868
2020-07-07,34,4,2,1103
2020-07-08,67,4,5,1079
2020-07-09,66,4,1,1474
2020-07-10,123,4,0,1077
2020-07-11,116,4,0,1527
2020-07-12,80,4,0,2100
2020-07-13,113,4,0,1155
2020-07-14,85,4,2,1354
2020-07-15,92,4,0,1584
2020-07-16,134,4,2,1978
2020-07-17,131,4,1,1268
2020-07-18,153,4,1,2171
2020-07-19,103,4,1,1829
2020-07-20,120,4,0,1701
2020-07-21,38,4,1,534
2020-07-22,170,4,1,1701
2020-07-23,146,4,0,2039
2020-07-24,142,4,0,1887
2020-07-25,164,4,1,1865
2020-07-26,138,4,1,1901
2020-07-27,151,4,0,2365
2020-07-28,100,4,1,1337
2020-07-29,133,4,0,1545
2020-07-30,167,4,1,2209
2020-07-31,169,4,1,2553
2020-08-01,118,4,1,1541
2020-08-02,119,4,1,2147
2020-08-03,99,4,0,1485
2020-08-04,96,4,0,1456
2020-08-05,140,4,3,1670
2020-08-06,202,4,2,2402
2020-08-07,142,4,1,1821
2020-08-08,140,4,3,1940
2020-08-09,138,4,0,2196
2020-08-10,78,4,0,555
2020-08-11,160,4,0,1727
2020-08-12,150,4,3,1349
2020-08-13,169,4,2,1945
2020-08-14,217,4,6,1881
2020-08-15,211,4,0,1781
2020-08-16,154,4,0,2081
2020-08-17,131,4,0,1294
2020-08-18,205,4,2,1683
2020-08-19,159,4,3,1433
2020-08-20,176,4,2,2278
2020-08-21,159,4,2,1332
2020-08-22,210,4,1,2029
2020-08-23,167,4,0,2056
2020-08-24,160,4,1,1319
2020-08-25,185,4,1,1545
2020-08-26,185,4,2,1332
2020-08-27,172,4,5,658
2020-08-28,112,4,0,1846
2020-08-29,213,4,2,1869
2020-08-30,65,4,1,1812
2020-08-31,120,4,0,1159
2020-09-01,197,4,2,1505
2020-09-02,192,4,2,928
2020-09-03,90,4,4,1359
2020-09-04,419,4,3,5078
2020-09-05,192,4,6,1925
2020-09-06,112,4,0,1652
2020-09-07,108,4,0,1317
2020-09-08,106,4,2,1066
2020-09-09,115,4,6,1298
2020-09-10,174,4,3,1372
2020-09-11,219,4,4,2114
2020-09-12,173,4,1,2145
2020-09-13,98,4,1,1584
2020-09-14,93,4,3,1399
2020-09-15,146,4,2,986
2020-09-16,179,4,7,1257
2020-09-17,153,4,5,1598
2020-09-18,164,4,2,1991
2020-09-19,192,4,1,3991
2020-09-20,114,4,0,1895
2020-09-21,93,4,0,1214
2020-09-22,79,4,5,1103
2020-09-23,118,4,0,1460
2020-09-24,114,4,7,1815
2020-09-25,173,4,1,2895
2020-09-26,252,4,1,2729
2020-09-27,91,4,1,2064
2020-09-28,156,4,1,1959
2020-09-29,134,4,6,1385
2020-09-30,90,4,4,1344
2020-10-01,153,4,3,2361
2020-10-02,121,4,8,2426
2020-10-03,144,4,3,2638
2020-10-04,70,4,2,1639
2020-10-05,78,4,1,1534
2020-10-06,64,4,4,1134
2020-10-07,130,4,5,1828
2020-10-08,245,4,1,3768
2020-10-09,160,4,3,2532
2020-10-10,135,4,1,2574
2020-10-11,127,4,0,1869
2020-10-12,150,4,1,2137
2020-10-13,106,4,4,1889
2020-10-14,147,4,5,1586
2020-10-15,186,4,1,2203
2020-10-16,212,4,4,3205
2020-10-17,128,4,2,2795
2020-10-18,176,4,2,2309
2020-10-19,141,4,1,2105
2020-10-20,175,4,0,1432
2020-10-21,210,4,4,2111
2020-10-22,215,4,2,3206
2020-10-23,185,4,3,2471
2020-10-24,172,4,3,2429
2020-10-25,187,4,3,2754
2020-10-26,205,4,0,2156
2020-10-27,152,4,4,1305
2020-10-28,247,4,3,1546
2020-10-29,237,4,4,3389
2020-10-30,259,4,2,2338
2020-10-31,291,4,3,2982
2020-11-01,229,4,1,2422
2020-11-02,253,4,1,2350
2020-11-03,271,4,9,2023
2020-11-04,250,4,1,1946
2020-11-05,343,4,8,3049
2020-11-06,923,4,3,3534
2020-11-07,555,4,6,3971
2020-11-08,428,4,1,2680
2020-11-09,508,4,0,3271
2020-11-10,594,4,3,3247
2020-11-11,767,4,5,2368
2020-11-12,435,4,7,4021
2020-11-13,710,4,4,4023
2020-11-14,681,4,12,4335
2020-11-15,434,4,3,3476
2020-11-16,690,4,2,4367
2020-11-17,570,4,12,2833
2020-11-18,624,4,4,3594
2020-11-19,543,4,8,4962
2020-11-20,815,4,6,5740
2020-11-21,621,4,6,4648
2020-11-22,596,4,2,4713
2020-11-23,531,4,1,4276
2020-11-24,618,4,7,4033
2020-11-25,680,4,9,4943
2020-11-26,840,4,5,4651
2020-11-27,393,4,2,4474
2020-11-28,584,4,9,3753
2020-11-29,488,4,4,3517
2020-11-30,460,4,3,3973
2020-12-01,569,4,7,2997
2020-12-02,794,4,8,3596
2020-12-03,531,4,11,4312
2020-12-04,782,4,8,4949
2020-12-05,647,4,12,5411
2020-12-06,572,4,7,3775
2020-12-07,564,4,4,3608
2020-12-08,496,4,18,3322
2020-12-09,584,4,13,4156
2020-12-10,692,4,14,5953
2020-12-11,659,4,11,5645
2020-12-12,521,4,13,4249
2020-12-13,613,4,10,4638
2020-12-14,449,4,2,4797
2020-12-15,556,4,11,4313
2020-12-16,565,4,14,3791
2020-12-17,664,4,8,5043
2020-12-18,486,4,4,5044
2020-12-19,464,4,7,3262
2020-12-20,380,4,2,3822
2020-12-21,281,4,6,2782
2020-12-22,505,4,5,3335
2020-12-23,475,4,5,4163
2020-12-24,609,4,7,4983
2020-12-25,338,4,4,4009
2020-12-26,177,4,2,2298
2020-12-27,310,4,8,1944
2020-12-28,306,4,10,2085
2020-12-29,338,4,12,2651
2020-12-30,660,4,9,3755
2020-12-31,592,4,12,4603
2021-01-01,568,4,10,4179
2021-01-02,382,4,3,3898
2021-01-03,329,4,1,2151
2021-01-04,357,4,5,2231
2021-01-05,387,4,13,2738
2021-01-06,529,4,20,3601
2021-01-07,651,4,14,4656
2021-01-08,765,4,4,6341
2021-01-09,521,4,13,6155
2021-01-10,396,4,4,4562
2021-01-11,340,4,0,2609
2021-01-12,416,4,17,5470
2021-01-13,487,4,13,3997
2021-01-14,493,4,7,5015
2021-01-15,528,4,13,5834
2021-01-16,336,4,14,5849
2021-01-17,309,4,2,3876
2020-03-17,NA,5,NA,NA
2020-03-18,0,5,0,0
2020-03-19,2,5,1,0
2020-03-20,0,5,0,0
2020-03-21,0,5,-1,0
2020-03-22,0,5,0,0
2020-03-24,-1,5,0,0
2020-03-25,1,5,0,0
2020-03-26,1,5,0,0
2020-03-27,0,5,0,0
2020-03-28,1,5,0,0
2020-03-29,3,5,0,0
2020-03-30,1,5,0,0
2020-03-31,1,5,0,0
2020-04-01,1,5,0,0
2020-04-02,2,5,0,0
2020-04-03,4,5,0,0
2020-04-04,3,5,1,0
2020-04-05,4,5,0,0
2020-04-06,5,5,0,0
2020-04-07,14,5,0,0
2020-04-08,3,5,0,0
2020-04-09,17,5,0,0
2020-04-10,7,5,0,0
2020-04-11,6,5,1,0
2020-04-12,4,5,0,0
2020-04-13,4,5,0,0
2020-04-14,5,5,1,0
2020-04-15,14,5,1,0
2020-04-16,2,5,0,0
2020-04-17,5,5,0,0
2020-04-18,11,5,0,0
2020-04-19,22,5,0,0
2020-04-20,5,5,1,0
2020-04-21,16,5,1,0
2020-04-22,49,5,1,0
2020-04-23,11,5,1,0
2020-04-24,14,5,1,0
2020-04-25,4,5,0,0
2020-04-26,22,5,3,0
2020-04-27,4,5,3,0
2020-04-28,15,5,1,0
2020-04-29,16,5,2,0
2020-04-30,44,5,1,0
2020-05-01,24,5,2,0
2020-05-02,15,5,2,0
2020-05-03,30,5,1,0
2020-05-04,5,5,0,5613
2020-05-05,9,5,1,34
2020-05-06,37,5,0,306
2020-05-07,17,5,1,254
2020-05-08,18,5,1,342
2020-05-09,14,5,0,272
2020-05-10,13,5,0,364
2020-05-11,0,5,0,265
2020-05-12,2,5,0,126
2020-05-13,73,5,1,693
2020-05-14,16,5,2,568
2020-05-15,10,5,3,445
2020-05-16,11,5,0,428
2020-05-17,2,5,0,221
2020-05-18,1,5,0,262
2020-05-19,8,5,0,346
2020-05-20,6,5,1,303
2020-05-21,5,5,-1,425
2020-05-22,17,5,0,338
2020-05-23,13,5,0,202
2020-05-24,17,5,0,226
2020-05-25,13,5,2,253
2020-05-26,-1,5,0,205
2020-05-27,20,5,1,305
2020-05-28,25,5,2,624
2020-05-29,27,5,0,439
2020-05-30,26,5,0,486
2020-05-31,3,5,2,556
2020-06-01,8,5,0,242
2020-06-02,2,5,0,320
2020-06-03,26,5,2,352
2020-06-04,12,5,2,594
2020-06-05,9,5,0,622
2020-06-06,11,5,1,391
2020-06-07,5,5,0,390
2020-06-08,0,5,0,430
2020-06-09,7,5,0,374
2020-06-10,6,5,1,227
2020-06-11,1,5,1,739
2020-06-12,5,5,2,470
2020-06-13,11,5,1,413
2020-06-14,7,5,0,607
2020-06-15,6,5,0,493
2020-06-16,7,5,2,287
2020-06-17,5,5,4,668
2020-06-18,8,5,0,775
2020-06-19,13,5,1,725
2020-06-20,8,5,0,652
2020-06-21,8,5,0,485
2020-06-22,1,5,0,234
2020-06-23,6,5,1,371
2020-06-24,12,5,1,708
2020-06-25,8,5,0,1188
2020-06-26,13,5,0,428
2020-06-27,11,5,1,519
2020-06-28,9,5,0,331
2020-06-29,5,5,1,819
2020-06-30,11,5,0,832
2020-07-01,25,5,0,963
2020-07-02,10,5,0,484
2020-07-03,8,5,0,407
2020-07-04,8,5,0,301
2020-07-05,20,5,0,567
2020-07-06,8,5,0,410
2020-07-07,6,5,0,576
2020-07-08,15,5,0,753
2020-07-09,22,5,0,1287
2020-07-10,30,5,0,722
2020-07-11,36,5,0,441
2020-07-12,20,5,0,675
2020-07-13,9,5,0,363
2020-07-14,14,5,0,692
2020-07-15,46,5,0,1006
2020-07-16,56,5,2,1399
2020-07-17,42,5,0,1080
2020-07-18,45,5,0,1300
2020-07-19,43,5,0,748
2020-07-20,89,5,0,1169
2020-07-21,16,5,0,409
2020-07-22,49,5,0,489
2020-07-23,64,5,0,910
2020-07-24,78,5,0,1424
2020-07-25,63,5,0,1278
2020-07-26,107,5,0,1443
2020-07-27,47,5,0,613
2020-07-28,17,5,1,316
2020-07-29,59,5,1,609
2020-07-30,63,5,0,851
2020-07-31,76,5,0,905
2020-08-01,76,5,0,1104
2020-08-02,95,5,0,1176
2020-08-03,38,5,0,652
2020-08-04,24,5,0,796
2020-08-05,81,5,4,837
2020-08-06,79,5,4,1256
2020-08-07,86,5,0,905
2020-08-08,102,5,0,784
2020-08-09,67,5,1,1171
2020-08-10,46,5,0,819
2020-08-11,66,5,4,1051
2020-08-12,64,5,3,891
2020-08-13,73,5,0,915
2020-08-14,84,5,0,1133
2020-08-15,86,5,0,919
2020-08-16,100,5,0,1247
2020-08-17,66,5,3,1099
2020-08-18,94,5,2,942
2020-08-19,124,5,3,1794
2020-08-20,66,5,7,926
2020-08-21,58,5,2,820
2020-08-22,95,5,0,1149
2020-08-23,71,5,0,1725
2020-08-24,82,5,0,878
2020-08-25,80,5,3,704
2020-08-26,114,5,4,1184
2020-08-27,99,5,2,1097
2020-08-28,49,5,3,909
2020-08-29,116,5,1,1208
2020-08-30,50,5,0,2084
2020-08-31,81,5,1,1024
2020-09-01,75,5,2,420
2020-09-02,99,5,3,416
2020-09-03,53,5,1,1467
2020-09-04,198,5,3,3216
2020-09-05,91,5,3,1320
2020-09-06,52,5,1,1157
2020-09-07,87,5,2,556
2020-09-08,30,5,3,765
2020-09-09,41,5,5,749
2020-09-10,105,5,0,1182
2020-09-11,109,5,3,1783
2020-09-12,91,5,1,1276
2020-09-13,125,5,1,1120
2020-09-14,70,5,0,1154
2020-09-15,64,5,0,514
2020-09-16,86,5,4,976
2020-09-17,107,5,3,1542
2020-09-18,151,5,4,1863
2020-09-19,68,5,0,2369
2020-09-20,71,5,1,933
2020-09-21,67,5,0,1445
2020-09-22,52,5,4,706
2020-09-23,94,5,3,1158
2020-09-24,92,5,3,1566
2020-09-25,81,5,3,1613
2020-09-26,84,5,4,1040
2020-09-27,70,5,1,1334
2020-09-28,51,5,1,529
2020-09-29,65,5,3,829
2020-09-30,93,5,2,1005
2020-10-01,111,5,2,1460
2020-10-02,68,5,3,2105
2020-10-03,66,5,0,1032
2020-10-04,99,5,1,1626
2020-10-05,63,5,2,724
2020-10-06,105,5,1,949
2020-10-07,168,5,7,1904
2020-10-08,151,5,1,1384
2020-10-09,89,5,3,1542
2020-10-10,132,5,3,1776
2020-10-11,137,5,0,1145
2020-10-12,71,5,0,990
2020-10-13,65,5,0,691
2020-10-14,156,5,3,1104
2020-10-15,256,5,8,2211
2020-10-16,163,5,4,2066
2020-10-17,107,5,2,1296
2020-10-18,123,5,0,1749
2020-10-19,73,5,2,646
2020-10-20,130,5,2,1161
2020-10-21,171,5,9,1652
2020-10-22,155,5,4,2146
2020-10-23,217,5,3,1992
2020-10-24,171,5,5,1526
2020-10-25,141,5,0,1473
2020-10-26,89,5,0,688
2020-10-27,124,5,4,1148
2020-10-28,248,5,6,1760
2020-10-29,235,5,5,2382
2020-10-30,240,5,5,1737
2020-10-31,146,5,3,2043
2020-11-01,158,5,1,1526
2020-11-02,106,5,0,1248
2020-11-03,222,5,3,1429
2020-11-04,129,5,1,1024
2020-11-05,296,5,6,2347
2020-11-06,497,5,4,2795
2020-11-07,370,5,5,2394
2020-11-08,265,5,1,2025
2020-11-09,235,5,0,1515
2020-11-10,415,5,5,2639
2020-11-11,466,5,12,2444
2020-11-12,375,5,2,2579
2020-11-13,422,5,3,3097
2020-11-14,446,5,3,3661
2020-11-15,249,5,6,1761
2020-11-16,352,5,2,3588
2020-11-17,355,5,9,2022
2020-11-18,395,5,4,2498
2020-11-19,437,5,8,2944
2020-11-20,573,5,1,3932
2020-11-21,358,5,7,3638
2020-11-22,380,5,3,2957
2020-11-23,269,5,0,2710
2020-11-24,267,5,4,1953
2020-11-25,506,5,9,2801
2020-11-26,516,5,10,3631
2020-11-27,131,5,3,2476
2020-11-28,307,5,1,2296
2020-11-29,288,5,1,1203
2020-11-30,257,5,0,2711
2020-12-01,361,5,13,1904
2020-12-02,447,5,18,2490
2020-12-03,458,5,13,3746
2020-12-04,419,5,10,2592
2020-12-05,394,5,7,3616
2020-12-06,222,5,2,2299
2020-12-07,301,5,2,2301
2020-12-08,320,5,13,2440
2020-12-09,420,5,11,3023
2020-12-10,455,5,17,4079
2020-12-11,465,5,6,4416
2020-12-12,402,5,8,3157
2020-12-13,235,5,4,1859
2020-12-14,249,5,2,2324
2020-12-15,359,5,10,2418
2020-12-16,482,5,16,3319
2020-12-17,436,5,13,3885
2020-12-18,336,5,9,3203
2020-12-19,485,5,2,3409
2020-12-20,373,5,3,3126
2020-12-21,225,5,1,1813
2020-12-22,310,5,7,2450
2020-12-23,407,5,13,2817
2020-12-24,346,5,6,3012
2020-12-25,341,5,4,2870
2020-12-26,151,5,4,1580
2020-12-27,166,5,6,1543
2020-12-28,192,5,7,1191
2020-12-29,311,5,7,1781
2020-12-30,439,5,6,3011
2020-12-31,468,5,3,4762
2021-01-01,314,5,9,3273
2021-01-02,207,5,3,2813
2021-01-03,322,5,2,2893
2021-01-04,209,5,2,1257
2021-01-05,370,5,10,2324
2021-01-06,462,5,11,3082
2021-01-07,367,5,10,5214
2021-01-08,416,5,9,5990
2021-01-09,357,5,4,3569
2021-01-10,250,5,1,3421
2021-01-11,204,5,0,3470
2021-01-12,197,5,9,3042
2021-01-13,335,5,4,2521
2021-01-14,331,5,2,7477
2021-01-15,275,5,5,5387
2021-01-16,179,5,4,2814
2021-01-17,190,5,1,5463
2020-03-17,NA,6,NA,NA
2020-03-18,0,6,0,0
2020-03-19,0,6,0,0
2020-03-20,0,6,0,0
2020-03-21,0,6,0,0
2020-03-22,1,6,0,0
2020-03-24,0,6,0,0
2020-03-25,3,6,0,0
2020-03-26,4,6,0,0
2020-03-27,3,6,0,0
2020-03-28,4,6,0,0
2020-03-29,11,6,0,0
2020-03-30,4,6,0,0
2020-03-31,6,6,0,0
2020-04-01,14,6,0,0
2020-04-02,14,6,0,0
2020-04-03,13,6,0,0
2020-04-04,10,6,0,0
2020-04-05,7,6,0,0
2020-04-06,20,6,0,0
2020-04-07,18,6,2,0
2020-04-08,6,6,1,0
2020-04-09,11,6,1,0
2020-04-10,10,6,0,0
2020-04-11,22,6,1,0
2020-04-12,18,6,0,0
2020-04-13,9,6,2,0
2020-04-14,8,6,0,0
2020-04-15,4,6,4,0
2020-04-16,6,6,2,0
2020-04-17,4,6,0,0
2020-04-18,22,6,2,0
2020-04-19,18,6,0,0
2020-04-20,2,6,3,0
2020-04-21,30,6,0,0
2020-04-22,36,6,1,0
2020-04-23,14,6,2,0
2020-04-24,21,6,0,0
2020-04-25,5,6,2,0
2020-04-26,8,6,0,0
2020-04-27,8,6,2,0
2020-04-28,16,6,0,0
2020-04-29,17,6,3,0
2020-04-30,12,6,2,0
2020-05-01,22,6,0,0
2020-05-02,36,6,0,0
2020-05-03,26,6,0,0
2020-05-04,15,6,2,9009
2020-05-05,41,6,0,272
2020-05-06,17,6,0,628
2020-05-07,39,6,1,496
2020-05-08,32,6,2,511
2020-05-09,22,6,1,446
2020-05-10,21,6,0,454
2020-05-11,37,6,1,444
2020-05-12,49,6,2,361
2020-05-13,29,6,1,853
2020-05-14,20,6,2,710
2020-05-15,40,6,2,2013
2020-05-16,39,6,1,831
2020-05-17,50,6,-1,919
2020-05-18,31,6,1,910
2020-05-19,21,6,3,532
2020-05-20,46,6,0,1108
2020-05-21,42,6,0,1222
2020-05-22,33,6,0,1144
2020-05-23,36,6,1,1225
2020-05-24,41,6,3,875
2020-05-25,10,6,0,700
2020-05-26,7,6,1,677
2020-05-27,12,6,3,508
2020-05-28,24,6,1,951
2020-05-29,31,6,1,1269
2020-05-30,10,6,1,1207
2020-05-31,17,6,0,950
2020-06-01,6,6,0,1147
2020-06-02,9,6,0,648
2020-06-03,13,6,1,887
2020-06-04,16,6,2,1011
2020-06-05,21,6,1,719
2020-06-06,4,6,2,961
2020-06-07,8,6,0,1220
2020-06-08,11,6,0,1336
2020-06-09,6,6,0,645
2020-06-10,12,6,0,1247
2020-06-11,5,6,1,769
2020-06-12,24,6,0,1223
2020-06-13,9,6,0,1012
2020-06-14,21,6,0,1383
2020-06-15,2,6,0,904
2020-06-16,11,6,0,723
2020-06-17,27,6,2,1265
2020-06-18,18,6,0,1739
2020-06-19,10,6,1,2588
2020-06-20,9,6,0,2152
2020-06-21,12,6,1,1044
2020-06-22,14,6,0,1220
2020-06-23,7,6,1,1014
2020-06-24,23,6,0,2233
2020-06-25,29,6,0,2190
2020-06-26,23,6,0,1745
2020-06-27,27,6,0,1739
2020-06-28,24,6,0,2523
2020-06-29,14,6,0,1594
2020-06-30,16,6,0,2077
2020-07-01,31,6,0,1425
2020-07-02,33,6,0,1828
2020-07-03,50,6,0,2366
2020-07-04,20,6,0,1852
2020-07-05,15,6,1,1716
2020-07-06,26,6,2,1550
2020-07-07,24,6,0,1313
2020-07-08,52,6,2,2090
2020-07-09,36,6,0,2077
2020-07-10,46,6,0,2141
2020-07-11,62,6,0,3201
2020-07-12,8,6,0,2014
2020-07-13,17,6,0,385
2020-07-14,30,6,0,1511
2020-07-15,65,6,0,3012
2020-07-16,46,6,1,3497
2020-07-17,83,6,0,4690
2020-07-18,86,6,0,4602
2020-07-19,32,6,0,1095
2020-07-20,93,6,0,3397
2020-07-21,40,6,0,2171
2020-07-22,75,6,0,3112
2020-07-23,74,6,1,3395
2020-07-24,108,6,0,3204
2020-07-25,46,6,1,3197
2020-07-26,84,6,0,2694
2020-07-27,111,6,0,2346
2020-07-28,60,6,7,2849
2020-07-29,107,6,-1,3049
2020-07-30,58,6,2,3618
2020-07-31,56,6,0,3268
2020-08-01,98,6,0,4395
2020-08-02,129,6,0,2528
2020-08-03,34,6,0,2321
2020-08-04,82,6,2,3689
2020-08-05,63,6,2,2191
2020-08-06,109,6,0,3359
2020-08-07,103,6,4,2764
2020-08-08,148,6,0,6305
2020-08-09,28,6,0,2958
2020-08-10,79,6,1,2023
2020-08-11,43,6,1,5586
2020-08-12,142,6,2,6273
2020-08-13,126,6,1,5621
2020-08-14,99,6,1,7180
2020-08-15,135,6,1,4422
2020-08-16,105,6,0,4391
2020-08-17,83,6,0,3498
2020-08-18,90,6,0,1888
2020-08-19,150,6,0,14520
2020-08-20,113,6,3,7568
2020-08-21,187,6,2,9444
2020-08-22,212,6,2,13552
2020-08-23,189,6,1,12724
2020-08-24,109,6,1,6547
2020-08-25,103,6,2,8082
2020-08-26,221,6,2,9445
2020-08-27,159,6,0,15760
2020-08-28,224,6,3,12533
2020-08-29,241,6,2,8808
2020-08-30,147,6,0,5737
2020-08-31,130,6,0,17696
2020-09-01,147,6,4,2308
2020-09-02,233,6,2,5227
2020-09-03,195,6,3,7571
2020-09-04,874,6,4,45326
2020-09-05,326,6,0,13043
2020-09-06,151,6,0,12041
2020-09-07,72,6,1,7633
2020-09-08,251,6,0,4213
2020-09-09,164,6,2,15826
2020-09-10,251,6,3,14452
2020-09-11,198,6,1,13822
2020-09-12,291,6,2,15205
2020-09-13,200,6,0,11714
2020-09-14,94,6,0,6115
2020-09-15,189,6,2,9022
2020-09-16,173,6,5,11833
2020-09-17,211,6,2,14509
2020-09-18,224,6,2,14903
2020-09-19,161,6,4,7583
2020-09-20,106,6,4,11096
2020-09-21,188,6,2,10001
2020-09-22,106,6,3,7756
2020-09-23,212,6,3,13713
2020-09-24,207,6,4,14396
2020-09-25,258,6,2,11800
2020-09-26,198,6,1,14013
2020-09-27,198,6,0,11750
2020-09-28,111,6,4,5614
2020-09-29,172,6,3,7259
2020-09-30,162,6,7,14184
2020-10-01,255,6,3,12143
2020-10-02,221,6,8,13777
2020-10-03,205,6,4,12421
2020-10-04,117,6,0,10897
2020-10-05,114,6,2,4012
2020-10-06,175,6,3,6614
2020-10-07,256,6,4,16909
2020-10-08,282,6,8,13344
2020-10-09,304,6,3,13572
2020-10-10,175,6,3,7745
2020-10-11,305,6,1,13329
2020-10-12,227,6,5,6981
2020-10-13,189,6,5,8271
2020-10-14,381,6,3,11790
2020-10-15,320,6,11,11410
2020-10-16,341,6,8,17514
2020-10-17,282,6,1,11284
2020-10-18,270,6,0,10557
2020-10-19,235,6,2,7451
2020-10-20,257,6,5,7557
2020-10-21,372,6,10,14503
2020-10-22,285,6,5,14713
2020-10-23,262,6,7,12688
2020-10-24,480,6,12,12529
2020-10-25,255,6,5,12104
2020-10-26,327,6,0,6838
2020-10-27,395,6,6,8621
2020-10-28,417,6,2,15832
2020-10-29,406,6,5,12677
2020-10-30,524,6,3,14668
2020-10-31,467,6,2,13228
2020-11-01,351,6,2,7569
2020-11-02,324,6,3,10949
2020-11-03,431,6,11,8710
2020-11-04,375,6,7,14903
2020-11-05,679,6,13,11099
2020-11-06,1946,6,9,17245
2020-11-07,755,6,7,12375
2020-11-08,630,6,6,13955
2020-11-09,481,6,2,8337
2020-11-10,914,6,14,11785
2020-11-11,916,6,13,15211
2020-11-12,633,6,2,16307
2020-11-13,907,6,3,14924
2020-11-14,705,6,15,15608
2020-11-15,518,6,4,9957
2020-11-16,724,6,1,12801
2020-11-17,861,6,9,13267
2020-11-18,712,6,8,19368
2020-11-19,981,6,19,14445
2020-11-20,917,6,9,18753
2020-11-21,726,6,8,15874
2020-11-22,549,6,8,14068
2020-11-23,440,6,1,7514
2020-11-24,880,6,11,10827
2020-11-25,787,6,24,11845
2020-11-26,832,6,13,12554
2020-11-27,439,6,6,5009
2020-11-28,520,6,0,4595
2020-11-29,470,6,3,8579
2020-11-30,492,6,0,7736
2020-12-01,769,6,12,10776
2020-12-02,814,6,18,13392
2020-12-03,784,6,18,12115
2020-12-04,667,6,18,14300
2020-12-05,692,6,19,12180
2020-12-06,404,6,5,11024
2020-12-07,442,6,4,8490
2020-12-08,590,6,13,9174
2020-12-09,540,6,12,13041
2020-12-10,675,6,13,13202
2020-12-11,787,6,12,13477
2020-12-12,515,6,13,19735
2020-12-13,340,6,7,8586
2020-12-14,319,6,1,8979
2020-12-15,727,6,8,9119
2020-12-16,523,6,10,14113
2020-12-17,546,6,15,11388
2020-12-18,723,6,14,14144
2020-12-19,596,6,10,11047
2020-12-20,388,6,1,8836
2020-12-21,305,6,2,7131
2020-12-22,424,6,12,8543
2020-12-23,486,6,6,9656
2020-12-24,538,6,5,8648
2020-12-25,416,6,7,9122
2020-12-26,167,6,3,4170
2020-12-27,223,6,4,3998
2020-12-28,275,6,5,4426
2020-12-29,459,6,4,6420
2020-12-30,572,6,11,7482
2020-12-31,565,6,15,8597
2021-01-01,504,6,3,8223
2021-01-02,268,6,1,4065
2021-01-03,252,6,0,3011
2021-01-04,352,6,1,5630
2021-01-05,571,6,8,10510
2021-01-06,649,6,7,10488
2021-01-07,592,6,9,9627
2021-01-08,575,6,6,11108
2021-01-09,432,6,4,9788
2021-01-10,210,6,0,7593
2021-01-11,363,6,0,5836
2021-01-12,370,6,11,10172
2021-01-13,383,6,8,9626
2021-01-14,415,6,10,10386
2021-01-15,383,6,11,10937
2021-01-16,334,6,9,9335
2021-01-17,222,6,0,11060
2020-03-17,NA,7,NA,NA
2020-03-18,1,7,0,0
2020-03-19,7,7,0,0
2020-03-20,1,7,1,0
2020-03-21,3,7,0,0
2020-03-22,9,7,0,0
2020-03-24,9,7,0,0
2020-03-25,14,7,1,0
2020-03-26,36,7,1,0
2020-03-27,39,7,0,0
2020-03-28,33,7,1,0
2020-03-29,61,7,0,0
2020-03-30,41,7,1,0
2020-03-31,14,7,3,0
2020-04-01,103,7,1,0
2020-04-02,66,7,-1,0
2020-04-03,74,7,4,0
2020-04-04,137,7,2,0
2020-04-05,74,7,2,0
2020-04-06,58,7,7,0
2020-04-07,165,7,12,0
2020-04-08,112,7,5,0
2020-04-09,107,7,12,0
2020-04-10,78,7,7,0
2020-04-11,67,7,6,0
2020-04-12,121,7,4,0
2020-04-13,61,7,3,0
2020-04-14,77,7,15,0
2020-04-15,89,7,4,0
2020-04-16,87,7,7,0
2020-04-17,80,7,2,0
2020-04-18,49,7,6,0
2020-04-19,43,7,7,0
2020-04-20,52,7,1,0
2020-04-21,44,7,4,0
2020-04-22,91,7,6,0
2020-04-23,69,7,14,0
2020-04-24,132,7,8,0
2020-04-25,53,7,8,0
2020-04-26,71,7,2,0
2020-04-27,52,7,3,0
2020-04-28,85,7,10,0
2020-04-29,128,7,4,0
2020-04-30,135,7,3,0
2020-05-01,137,7,7,0
2020-05-02,187,7,7,0
2020-05-03,72,7,-2,0
2020-05-04,223,7,6,18871
2020-05-05,94,7,11,592
2020-05-06,205,7,11,944
2020-05-07,114,7,6,745
2020-05-08,157,7,6,895
2020-05-09,96,7,3,686
2020-05-10,109,7,1,636
2020-05-11,73,7,0,920
2020-05-12,182,7,9,1240
2020-05-13,101,7,4,916
2020-05-14,133,7,17,1031
2020-05-15,211,7,6,1354
2020-05-16,45,7,3,899
2020-05-17,88,7,0,896
2020-05-18,71,7,0,1032
2020-05-19,125,7,7,653
2020-05-20,144,7,5,2308
2020-05-21,109,7,7,1080
2020-05-22,176,7,5,3524
2020-05-23,113,7,4,1473
2020-05-24,113,7,0,1152
2020-05-25,79,7,1,1058
2020-05-26,53,7,0,763
2020-05-27,47,7,7,777
2020-05-28,105,7,5,1225
2020-05-29,121,7,1,1485
2020-05-30,97,7,5,1275
2020-05-31,66,7,3,1036
2020-06-01,52,7,4,1163
2020-06-02,51,7,5,709
2020-06-03,84,7,3,1325
2020-06-04,54,7,4,1654
2020-06-05,71,7,1,1146
2020-06-06,69,7,1,1957
2020-06-07,34,7,3,1331
2020-06-08,30,7,0,597
2020-06-09,59,7,8,1419
2020-06-10,78,7,1,1383
2020-06-11,44,7,3,1193
2020-06-12,43,7,2,1492
2020-06-13,32,7,3,1149
2020-06-14,36,7,1,1092
2020-06-15,16,7,0,858
2020-06-16,58,7,1,1232
2020-06-17,44,7,7,1996
2020-06-18,46,7,2,1277
2020-06-19,37,7,0,1904
2020-06-20,46,7,1,1592
2020-06-21,52,7,0,1515
2020-06-22,35,7,0,1200
2020-06-23,44,7,1,981
2020-06-24,36,7,3,1168
2020-06-25,39,7,2,1207
2020-06-26,116,7,1,2309
2020-06-27,61,7,2,1671
2020-06-28,33,7,4,1292
2020-06-29,28,7,0,1239
2020-06-30,54,7,0,1533
2020-07-01,71,7,1,2287
2020-07-02,63,7,0,1864
2020-07-03,49,7,0,1545
2020-07-04,46,7,0,1538
2020-07-05,43,7,0,1167
2020-07-06,38,7,0,881
2020-07-07,40,7,2,1307
2020-07-08,88,7,0,1663
2020-07-09,68,7,0,2051
2020-07-10,108,7,2,2130
2020-07-11,65,7,2,1582
2020-07-12,72,7,1,2122
2020-07-13,70,7,0,1630
2020-07-14,46,7,0,1215
2020-07-15,65,7,2,1800
2020-07-16,58,7,2,1885
2020-07-17,89,7,0,1775
2020-07-18,54,7,1,1917
2020-07-19,65,7,2,1427
2020-07-20,47,7,2,1970
2020-07-21,76,7,1,1387
2020-07-22,100,7,0,1956
2020-07-23,109,7,2,2107
2020-07-24,56,7,0,1623
2020-07-25,59,7,0,1439
2020-07-26,96,7,0,2157
2020-07-27,55,7,0,1235
2020-07-28,61,7,0,1252
2020-07-29,79,7,1,1825
2020-07-30,101,7,1,1818
2020-07-31,107,7,1,2415
2020-08-01,72,7,0,1607
2020-08-02,102,7,0,1830
2020-08-03,60,7,0,1061
2020-08-04,91,7,1,1860
2020-08-05,102,7,1,2408
2020-08-06,116,7,3,1746
2020-08-07,133,7,0,2502
2020-08-08,141,7,0,1950
2020-08-09,99,7,0,2110
2020-08-10,84,7,0,1441
2020-08-11,113,7,3,1948
2020-08-12,78,7,0,2117
2020-08-13,112,7,1,2200
2020-08-14,144,7,1,2350
2020-08-15,129,7,0,2092
2020-08-16,82,7,4,1829
2020-08-17,153,7,0,1950
2020-08-18,98,7,3,1817
2020-08-19,163,7,0,2366
2020-08-20,143,7,0,1930
2020-08-21,170,7,1,2521
2020-08-22,144,7,0,2370
2020-08-23,162,7,0,2400
2020-08-24,87,7,0,1848
2020-08-25,111,7,0,1632
2020-08-26,161,7,2,2231
2020-08-27,91,7,1,1455
2020-08-28,184,7,1,2198
2020-08-29,112,7,1,2185
2020-08-30,124,7,0,1682
2020-08-31,120,7,0,2204
2020-09-01,92,7,1,1002
2020-09-02,75,7,0,1313
2020-09-03,77,7,0,1423
2020-09-04,374,7,2,7565
2020-09-05,159,7,0,2385
2020-09-06,94,7,0,1774
2020-09-07,98,7,0,1206
2020-09-08,89,7,0,1721
2020-09-09,99,7,1,1910
2020-09-10,118,7,3,1911
2020-09-11,98,7,2,2250
2020-09-12,125,7,0,2168
2020-09-13,67,7,0,1797
2020-09-14,80,7,0,1864
2020-09-15,73,7,1,1648
2020-09-16,117,7,1,2246
2020-09-17,103,7,4,2284
2020-09-18,99,7,1,2183
2020-09-19,141,7,2,3207
2020-09-20,97,7,0,1991
2020-09-21,41,7,0,1673
2020-09-22,100,7,1,1431
2020-09-23,89,7,2,2013
2020-09-24,126,7,2,2703
2020-09-25,98,7,2,2651
2020-09-26,136,7,0,2412
2020-09-27,77,7,0,2205
2020-09-28,72,7,0,1912
2020-09-29,100,7,1,1997
2020-09-30,118,7,3,2303
2020-10-01,104,7,0,2299
2020-10-02,122,7,2,2737
2020-10-03,122,7,4,3149
2020-10-04,72,7,1,1862
2020-10-05,136,7,0,1931
2020-10-06,112,7,1,2041
2020-10-07,148,7,6,2722
2020-10-08,163,7,2,3192
2020-10-09,139,7,1,2923
2020-10-10,221,7,2,2808
2020-10-11,123,7,1,2404
2020-10-12,147,7,1,2430
2020-10-13,141,7,2,2164
2020-10-14,142,7,4,2087
2020-10-15,218,7,4,2380
2020-10-16,285,7,2,4023
2020-10-17,173,7,4,2878
2020-10-18,308,7,0,3984
2020-10-19,175,7,1,2291
2020-10-20,230,7,3,2938
2020-10-21,282,7,2,3121
2020-10-22,326,7,1,3988
2020-10-23,271,7,2,3183
2020-10-24,370,7,2,4029
2020-10-25,199,7,0,2894
2020-10-26,298,7,0,2962
2020-10-27,209,7,2,2476
2020-10-28,395,7,2,3316
2020-10-29,457,7,4,4235
2020-10-30,525,7,5,4203
2020-10-31,528,7,3,4075
2020-11-01,368,7,3,3851
2020-11-02,449,7,1,3355
2020-11-03,443,7,2,4006
2020-11-04,495,7,3,3229
2020-11-05,706,7,4,3957
2020-11-06,1214,7,2,4560
2020-11-07,963,7,4,5171
2020-11-08,735,7,1,5277
2020-11-09,669,7,1,3388
2020-11-10,976,7,3,5423
2020-11-11,947,7,10,5544
2020-11-12,970,7,2,5687
2020-11-13,1149,7,1,5158
2020-11-14,1097,7,11,5850
2020-11-15,843,7,2,4604
2020-11-16,861,7,1,5201
2020-11-17,1053,7,4,4958
2020-11-18,790,7,3,4734
2020-11-19,1109,7,4,5756
2020-11-20,934,7,2,5310
2020-11-21,947,7,8,6667
2020-11-22,844,7,5,4356
2020-11-23,589,7,0,5203
2020-11-24,774,7,2,4894
2020-11-25,871,7,17,6482
2020-11-26,757,7,8,6192
2020-11-27,593,7,6,3943
2020-11-28,537,7,2,4169
2020-11-29,481,7,0,3700
2020-11-30,389,7,2,3387
2020-12-01,1219,7,3,8559
2020-12-02,658,7,12,4821
2020-12-03,723,7,15,5131
2020-12-04,743,7,11,6169
2020-12-05,627,7,18,5193
2020-12-06,483,7,3,3987
2020-12-07,436,7,3,4072
2020-12-08,455,7,8,4738
2020-12-09,578,7,9,4596
2020-12-10,902,7,16,7591
2020-12-11,537,7,7,5486
2020-12-12,580,7,10,7127
2020-12-13,460,7,3,3565
2020-12-14,354,7,1,4953
2020-12-15,360,7,16,3473
2020-12-16,453,7,8,4976
2020-12-17,700,7,9,4943
2020-12-18,412,7,9,5528
2020-12-19,454,7,9,5024
2020-12-20,397,7,4,3565
2020-12-21,247,7,3,4041
2020-12-22,346,7,4,4173
2020-12-23,386,7,7,4581
2020-12-24,437,7,7,4950
2020-12-25,319,7,7,4837
2020-12-26,208,7,6,2592
2020-12-27,225,7,3,2456
2020-12-28,252,7,5,2910
2020-12-29,380,7,6,3502
2020-12-30,377,7,8,3929
2020-12-31,554,7,9,5345
2021-01-01,428,7,5,5428
2021-01-02,258,7,1,2835
2021-01-03,284,7,4,2147
2021-01-04,299,7,4,2550
2021-01-05,404,7,3,4553
2021-01-06,505,7,11,3730
2021-01-07,510,7,9,6079
2021-01-08,592,7,9,5227
2021-01-09,461,7,9,5239
2021-01-10,306,7,2,3392
2021-01-11,308,7,1,4995
2021-01-12,339,7,10,4381
2021-01-13,372,7,4,3265
2021-01-14,382,7,6,6749
2021-01-15,368,7,6,6341
2021-01-16,321,7,8,5388
2021-01-17,268,7,0,4891
2020-03-17,NA,8,NA,NA
2020-03-18,20,8,0,0
2020-03-19,11,8,0,0
2020-03-20,5,8,0,0
2020-03-21,8,8,0,0
2020-03-22,19,8,0,0
2020-03-24,35,8,1,0
2020-03-25,42,8,1,0
2020-03-26,70,8,0,0
2020-03-27,35,8,6,0
2020-03-28,18,8,2,0
2020-03-29,82,8,3,0
2020-03-30,59,8,1,0
2020-03-31,51,8,3,0
2020-04-01,50,8,3,0
2020-04-02,68,8,2,0
2020-04-03,74,8,3,0
2020-04-04,121,8,5,0
2020-04-05,79,8,7,0
2020-04-06,73,8,0,0
2020-04-07,101,8,7,0
2020-04-08,121,8,5,0
2020-04-09,90,8,7,0
2020-04-10,86,8,8,0
2020-04-11,77,8,6,0
2020-04-12,141,8,3,0
2020-04-13,79,8,7,0
2020-04-14,116,8,5,0
2020-04-15,89,8,5,0
2020-04-16,104,8,4,0
2020-04-17,145,8,11,0
2020-04-18,126,8,6,0
2020-04-19,76,8,4,0
2020-04-20,99,8,6,0
2020-04-21,149,8,10,0
2020-04-22,163,8,9,0
2020-04-23,199,8,17,0
2020-04-24,271,8,7,0
2020-04-25,179,8,1,0
2020-04-26,192,8,5,0
2020-04-27,261,8,2,0
2020-04-28,231,8,8,0
2020-04-29,238,8,7,0
2020-04-30,325,8,24,0
2020-05-01,326,8,15,0
2020-05-02,302,8,16,0
2020-05-03,311,8,7,0
2020-05-04,372,8,4,28663
2020-05-05,206,8,19,1263
2020-05-06,263,8,22,1425
2020-05-07,324,8,11,1868
2020-05-08,331,8,15,1461
2020-05-09,269,8,15,1484
2020-05-10,295,8,2,1369
2020-05-11,265,8,4,1255
2020-05-12,842,8,10,4418
2020-05-13,275,8,18,2180
2020-05-14,460,8,14,2354
2020-05-15,345,8,11,2136
2020-05-16,250,8,8,2461
2020-05-17,257,8,11,2171
2020-05-18,360,8,2,2669
2020-05-19,193,8,20,1691
2020-05-20,268,8,27,2901
2020-05-21,331,8,15,2818
2020-05-22,619,8,10,5507
2020-05-23,304,8,4,2669
2020-05-24,330,8,0,2568
2020-05-25,263,8,0,2320
2020-05-26,188,8,2,2475
2020-05-27,141,8,15,1638
2020-05-28,246,8,9,2324
2020-05-29,188,8,15,2450
2020-05-30,148,8,12,2666
2020-05-31,166,8,7,1741
2020-06-01,124,8,1,2048
2020-06-02,116,8,14,1690
2020-06-03,124,8,9,2097
2020-06-04,111,8,14,2296
2020-06-05,149,8,10,1927
2020-06-06,111,8,11,2279
2020-06-07,118,8,4,2236
2020-06-08,109,8,2,1726
2020-06-09,105,8,9,2432
2020-06-10,91,8,10,2060
2020-06-11,100,8,13,2251
2020-06-12,82,8,7,2381
2020-06-13,59,8,3,2159
2020-06-14,86,8,2,2091
2020-06-15,63,8,0,1801
2020-06-16,69,8,4,2060
2020-06-17,86,8,6,3171
2020-06-18,59,8,13,2800
2020-06-19,76,8,6,2298
2020-06-20,94,8,8,2639
2020-06-21,104,8,2,2687
2020-06-22,64,8,2,1856
2020-06-23,48,8,8,2253
2020-06-24,83,8,4,2817
2020-06-25,78,8,6,2697
2020-06-26,107,8,7,3009
2020-06-27,62,8,6,3120
2020-06-28,54,8,2,1771
2020-06-29,90,8,1,2248
2020-06-30,68,8,3,3001
2020-07-01,81,8,5,3227
2020-07-02,93,8,2,3390
2020-07-03,79,8,3,3636
2020-07-04,98,8,2,3017
2020-07-05,81,8,0,2550
2020-07-06,74,8,0,1902
2020-07-07,60,8,3,2547
2020-07-08,102,8,7,3037
2020-07-09,70,8,4,3504
2020-07-10,126,8,0,3435
2020-07-11,120,8,1,2861
2020-07-12,107,8,2,4046
2020-07-13,105,8,1,2796
2020-07-14,30,8,8,3137
2020-07-15,124,8,2,3942
2020-07-16,94,8,4,3202
2020-07-17,125,8,1,2572
2020-07-18,148,8,3,4184
2020-07-19,105,8,0,2678
2020-07-20,166,8,1,3493
2020-07-21,124,8,4,3199
2020-07-22,165,8,2,3777
2020-07-23,159,8,3,3081
2020-07-24,143,8,4,4018
2020-07-25,122,8,0,4050
2020-07-26,153,8,0,3847
2020-07-27,146,8,2,3052
2020-07-28,90,8,1,2929
2020-07-29,143,8,0,3493
2020-07-30,173,8,-3,3687
2020-07-31,195,8,3,4884
2020-08-01,182,8,4,3241
2020-08-02,152,8,1,4673
2020-08-03,127,8,0,2919
2020-08-04,228,8,3,5248
2020-08-05,196,8,5,4177
2020-08-06,214,8,5,4103
2020-08-07,215,8,1,5354
2020-08-08,215,8,3,4388
2020-08-09,127,8,0,4250
2020-08-10,123,8,0,3505
2020-08-11,190,8,2,4257
2020-08-12,154,8,0,3205
2020-08-13,160,8,1,4524
2020-08-14,174,8,2,4059
2020-08-15,179,8,0,4276
2020-08-16,104,8,0,3342
2020-08-17,270,8,0,4515
2020-08-18,189,8,2,3744
2020-08-19,220,8,0,4604
2020-08-20,171,8,2,4428
2020-08-21,224,8,1,4334
2020-08-22,238,8,1,4585
2020-08-23,149,8,0,4919
2020-08-24,168,8,2,3313
2020-08-25,153,8,1,4086
2020-08-26,201,8,5,4148
2020-08-27,143,8,1,2599
2020-08-28,149,8,0,3581
2020-08-29,146,8,0,3980
2020-08-30,151,8,0,3146
2020-08-31,171,8,0,3040
2020-09-01,145,8,2,1830
2020-09-02,160,8,3,3044
2020-09-03,111,8,3,2456
2020-09-04,426,8,0,11834
2020-09-05,246,8,2,5478
2020-09-06,104,8,0,3431
2020-09-07,109,8,1,2222
2020-09-08,140,8,0,2438
2020-09-09,158,8,1,3358
2020-09-10,174,8,2,3437
2020-09-11,199,8,6,4777
2020-09-12,181,8,0,4975
2020-09-13,131,8,3,3360
2020-09-14,155,8,0,2668
2020-09-15,145,8,2,2986
2020-09-16,181,8,1,4416
2020-09-17,162,8,2,3631
2020-09-18,186,8,2,4882
2020-09-19,244,8,0,6080
2020-09-20,134,8,0,3912
2020-09-21,146,8,0,2833
2020-09-22,143,8,1,2928
2020-09-23,146,8,0,4051
2020-09-24,235,8,3,4224
2020-09-25,247,8,4,5759
2020-09-26,231,8,3,5245
2020-09-27,105,8,1,4117
2020-09-28,185,8,0,4057
2020-09-29,124,8,1,3141
2020-09-30,199,8,1,4370
2020-10-01,146,8,2,4970
2020-10-02,203,8,2,5632
2020-10-03,178,8,1,5783
2020-10-04,134,8,1,4553
2020-10-05,175,8,1,3397
2020-10-06,162,8,4,3106
2020-10-07,270,8,6,4462
2020-10-08,295,8,5,6026
2020-10-09,325,8,2,5275
2020-10-10,262,8,2,5465
2020-10-11,220,8,2,5488
2020-10-12,304,8,0,4280
2020-10-13,331,8,3,3920
2020-10-14,249,8,4,3816
2020-10-15,344,8,6,3841
2020-10-16,533,8,3,7056
2020-10-17,366,8,3,6158
2020-10-18,390,8,1,7465
2020-10-19,411,8,2,4403
2020-10-20,478,8,2,4789
2020-10-21,425,8,6,4903
2020-10-22,542,8,3,6309
2020-10-23,497,8,1,6905
2020-10-24,688,8,3,7315
2020-10-25,405,8,-1,6088
2020-10-26,598,8,0,5439
2020-10-27,504,8,3,4648
2020-10-28,695,8,7,6005
2020-10-29,777,8,5,6651
2020-10-30,748,8,2,7624
2020-10-31,865,8,6,8078
2020-11-01,740,8,2,6947
2020-11-02,706,8,2,6027
2020-11-03,812,8,6,7508
2020-11-04,915,8,5,6065
2020-11-05,947,8,3,6739
2020-11-06,2318,8,2,7626
2020-11-07,1292,8,6,9809
2020-11-08,1115,8,2,8331
2020-11-09,1120,8,1,6494
2020-11-10,1453,8,4,8712
2020-11-11,1276,8,11,8883
2020-11-12,1109,8,3,8506
2020-11-13,1347,8,2,7839
2020-11-14,1144,8,15,9501
2020-11-15,1111,8,7,7542
2020-11-16,987,8,2,8300
2020-11-17,1614,8,11,8654
2020-11-18,1017,8,8,8862
2020-11-19,1719,8,22,9173
2020-11-20,1439,8,15,9135
2020-11-21,1374,8,10,9400
2020-11-22,1100,8,4,7189
2020-11-23,918,8,2,9620
2020-11-24,907,8,7,9490
2020-11-25,1160,8,11,10203
2020-11-26,1038,8,16,9213
2020-11-27,902,8,5,7765
2020-11-28,978,8,7,7452
2020-11-29,705,8,5,6077
2020-11-30,547,8,4,5939
2020-12-01,2311,8,9,19422
2020-12-02,940,8,18,7151
2020-12-03,1120,8,20,9043
2020-12-04,1234,8,15,9966
2020-12-05,1095,8,16,9299
2020-12-06,794,8,9,7189
2020-12-07,1010,8,3,7995
2020-12-08,943,8,6,7941
2020-12-09,941,8,13,7825
2020-12-10,965,8,16,10294
2020-12-11,895,8,21,8651
2020-12-12,929,8,6,12911
2020-12-13,735,8,17,5542
2020-12-14,861,8,2,9505
2020-12-15,855,8,14,8531
2020-12-16,659,8,13,8489
2020-12-17,904,8,11,8285
2020-12-18,696,8,8,8832
2020-12-19,827,8,15,9141
2020-12-20,666,8,8,7680
2020-12-21,453,8,5,8433
2020-12-22,597,8,9,7862
2020-12-23,622,8,9,7733
2020-12-24,729,8,8,9325
2020-12-25,591,8,11,10149
2020-12-26,341,8,8,6534
2020-12-27,495,8,9,4681
2020-12-28,542,8,14,5150
2020-12-29,557,8,9,6175
2020-12-30,795,8,16,6120
2020-12-31,813,8,8,8261
2021-01-01,770,8,28,9337
2021-01-02,548,8,3,4906
2021-01-03,541,8,6,5782
2021-01-04,576,8,9,4773
2021-01-05,749,8,19,7170
2021-01-06,751,8,11,6782
2021-01-07,855,8,16,9425
2021-01-08,970,8,6,9288
2021-01-09,636,8,11,8606
2021-01-10,462,8,4,6674
2021-01-11,506,8,3,5975
2021-01-12,757,8,12,7574
2021-01-13,646,8,6,5526
2021-01-14,641,8,8,10772
2021-01-15,732,8,10,8960
2021-01-16,571,8,14,8615
2021-01-17,414,8,1,8376
2020-03-17,NA,9,NA,NA
2020-03-18,13,9,0,0
2020-03-19,21,9,0,0
2020-03-20,18,9,0,0
2020-03-21,13,9,0,0
2020-03-22,7,9,0,0
2020-03-24,44,9,0,0
2020-03-25,33,9,0,0
2020-03-26,54,9,1,0
2020-03-27,63,9,0,0
2020-03-28,13,9,2,0
2020-03-29,64,9,0,0
2020-03-30,43,9,0,0
2020-03-31,57,9,1,0
2020-04-01,94,9,1,0
2020-04-02,75,9,0,0
2020-04-03,89,9,11,0
2020-04-04,95,9,-1,0
2020-04-05,70,9,1,0
2020-04-06,84,9,2,0
2020-04-07,120,9,6,0
2020-04-08,142,9,4,0
2020-04-09,101,9,4,0
2020-04-10,114,9,4,0
2020-04-11,115,9,9,0
2020-04-12,129,9,3,0
2020-04-13,81,9,4,0
2020-04-14,117,9,14,0
2020-04-15,97,9,7,0
2020-04-16,71,9,10,0
2020-04-17,174,9,1,0
2020-04-18,193,9,8,0
2020-04-19,89,9,0,0
2020-04-20,65,9,7,0
2020-04-21,88,9,8,0
2020-04-22,123,9,4,0
2020-04-23,181,9,15,0
2020-04-24,217,9,6,0
2020-04-25,205,9,11,0
2020-04-26,122,9,3,0
2020-04-27,115,9,0,0
2020-04-28,126,9,8,0
2020-04-29,226,9,7,0
2020-04-30,160,9,11,0
2020-05-01,302,9,5,0
2020-05-02,236,9,2,0
2020-05-03,231,9,3,0
2020-05-04,143,9,7,19517
2020-05-05,130,9,2,594
2020-05-06,171,9,13,660
2020-05-07,276,9,5,1584
2020-05-08,263,9,9,1094
2020-05-09,253,9,7,1275
2020-05-10,55,9,-1,524
2020-05-11,91,9,1,469
2020-05-12,407,9,15,2531
2020-05-13,119,9,10,1029
2020-05-14,268,9,9,1997
2020-05-15,205,9,10,1345
2020-05-16,258,9,2,1693
2020-05-17,130,9,6,1550
2020-05-18,186,9,0,1363
2020-05-19,79,9,8,966
2020-05-20,227,9,12,1509
2020-05-21,250,9,7,2483
2020-05-22,204,9,12,1905
2020-05-23,211,9,1,1717
2020-05-24,189,9,0,1720
2020-05-25,136,9,0,1503
2020-05-26,69,9,1,826
2020-05-27,101,9,21,848
2020-05-28,101,9,11,1562
2020-05-29,156,9,8,1573
2020-05-30,200,9,2,2468
2020-05-31,120,9,3,1277
2020-06-01,96,9,1,1572
2020-06-02,63,9,16,1081
2020-06-03,83,9,13,1339
2020-06-04,105,9,15,1880
2020-06-05,80,9,4,1163
2020-06-06,73,9,13,1278
2020-06-07,95,9,2,1801
2020-06-08,49,9,0,1292
2020-06-09,72,9,13,1371
2020-06-10,49,9,6,1640
2020-06-11,60,9,5,1954
2020-06-12,68,9,6,1988
2020-06-13,72,9,2,1352
2020-06-14,63,9,0,1490
2020-06-15,40,9,1,1512
2020-06-16,32,9,12,1124
2020-06-17,29,9,5,1886
2020-06-18,65,9,4,1559
2020-06-19,42,9,3,1716
2020-06-20,44,9,5,1471
2020-06-21,60,9,3,1558
2020-06-22,40,9,0,1660
2020-06-23,49,9,5,1639
2020-06-24,58,9,5,1484
2020-06-25,79,9,4,2303
2020-06-26,65,9,2,2173
2020-06-27,71,9,3,1807
2020-06-28,44,9,1,2002
2020-06-29,62,9,-1,2340
2020-06-30,46,9,1,1954
2020-07-01,62,9,3,1954
2020-07-02,72,9,3,1739
2020-07-03,67,9,0,2093
2020-07-04,70,9,2,2203
2020-07-05,47,9,0,1558
2020-07-06,58,9,0,1599
2020-07-07,53,9,3,1796
2020-07-08,103,9,4,2070
2020-07-09,100,9,0,2357
2020-07-10,99,9,2,2373
2020-07-11,84,9,1,2159
2020-07-12,78,9,0,2758
2020-07-13,63,9,0,2420
2020-07-14,66,9,2,1960
2020-07-15,135,9,0,2385
2020-07-16,129,9,4,3090
2020-07-17,80,9,2,2788
2020-07-18,96,9,2,2571
2020-07-19,68,9,0,2306
2020-07-20,95,9,0,2088
2020-07-21,97,9,3,2391
2020-07-22,165,9,2,2768
2020-07-23,114,9,4,2758
2020-07-24,129,9,0,2793
2020-07-25,154,9,1,2463
2020-07-26,107,9,0,2737
2020-07-27,86,9,0,1946
2020-07-28,123,9,0,1646
2020-07-29,81,9,0,1747
2020-07-30,144,9,2,2146
2020-07-31,145,9,0,2920
2020-08-01,140,9,1,2723
2020-08-02,62,9,1,2756
2020-08-03,127,9,0,2277
2020-08-04,164,9,0,3150
2020-08-05,121,9,3,3054
2020-08-06,101,9,1,2665
2020-08-07,178,9,1,3063
2020-08-08,166,9,1,3002
2020-08-09,79,9,0,2615
2020-08-10,100,9,0,2511
2020-08-11,143,9,1,2742
2020-08-12,116,9,2,2485
2020-08-13,137,9,1,2504
2020-08-14,124,9,0,2266
2020-08-15,116,9,0,2703
2020-08-16,76,9,1,2448
2020-08-17,121,9,0,2389
2020-08-18,139,9,2,2494
2020-08-19,131,9,0,2150
2020-08-20,102,9,1,2737
2020-08-21,103,9,2,2312
2020-08-22,102,9,0,2657
2020-08-23,77,9,0,2114
2020-08-24,111,9,0,2167
2020-08-25,137,9,4,2455
2020-08-26,176,9,0,2237
2020-08-27,96,9,2,1867
2020-08-28,187,9,1,2105
2020-08-29,95,9,2,2488
2020-08-30,108,9,1,2575
2020-08-31,93,9,1,1532
2020-09-01,71,9,1,1298
2020-09-02,84,9,1,2013
2020-09-03,88,9,1,1673
2020-09-04,327,9,3,7349
2020-09-05,192,9,2,2875
2020-09-06,66,9,0,2214
2020-09-07,82,9,0,916
2020-09-08,129,9,0,1723
2020-09-09,52,9,2,2383
2020-09-10,108,9,1,1522
2020-09-11,138,9,1,2684
2020-09-12,149,9,1,2918
2020-09-13,99,9,4,2292
2020-09-14,59,9,0,2134
2020-09-15,66,9,0,1888
2020-09-16,134,9,2,2029
2020-09-17,69,9,0,2383
2020-09-18,163,9,2,2236
2020-09-19,145,9,0,6195
2020-09-20,35,9,1,2432
2020-09-21,127,9,0,1563
2020-09-22,103,9,1,2358
2020-09-23,73,9,0,1807
2020-09-24,134,9,1,3070
2020-09-25,127,9,0,3812
2020-09-26,92,9,0,2641
2020-09-27,112,9,0,1981
2020-09-28,89,9,0,2751
2020-09-29,55,9,0,2178
2020-09-30,187,9,1,1938
2020-10-01,125,9,3,3341
2020-10-02,169,9,3,3999
2020-10-03,108,9,0,3205
2020-10-04,90,9,0,2871
2020-10-05,127,9,0,2596
2020-10-06,117,9,1,2388
2020-10-07,159,9,0,2645
2020-10-08,177,9,0,3796
2020-10-09,158,9,1,3394
2020-10-10,160,9,3,3874
2020-10-11,148,9,0,2978
2020-10-12,163,9,0,2739
2020-10-13,218,9,1,3648
2020-10-14,158,9,0,2822
2020-10-15,288,9,0,3533
2020-10-16,304,9,3,4390
2020-10-17,264,9,0,3950
2020-10-18,284,9,2,5463
2020-10-19,167,9,0,2798
2020-10-20,252,9,3,3254
2020-10-21,219,9,1,3866
2020-10-22,326,9,0,4349
2020-10-23,221,9,1,3897
2020-10-24,504,9,1,3951
2020-10-25,230,9,2,4762
2020-10-26,327,9,1,3510
2020-10-27,288,9,0,4138
2020-10-28,489,9,3,3985
2020-10-29,379,9,4,4942
2020-10-30,349,9,0,4482
2020-10-31,621,9,2,6440
2020-11-01,490,9,2,5475
2020-11-02,350,9,0,3000
2020-11-03,560,9,1,5656
2020-11-04,615,9,1,4799
2020-11-05,674,9,5,5849
2020-11-06,1574,9,0,5660
2020-11-07,997,9,1,6144
2020-11-08,695,9,1,5251
2020-11-09,714,9,0,3133
2020-11-10,913,9,2,6013
2020-11-11,1056,9,7,6288
2020-11-12,1036,9,3,7217
2020-11-13,1264,9,0,6658
2020-11-14,769,9,7,7559
2020-11-15,669,9,3,6316
2020-11-16,804,9,1,4604
2020-11-17,926,9,4,6022
2020-11-18,501,9,4,5474
2020-11-19,1019,9,19,6617
2020-11-20,724,9,6,6722
2020-11-21,887,9,11,7046
2020-11-22,537,9,3,4601
2020-11-23,497,9,2,4526
2020-11-24,583,9,8,7233
2020-11-25,742,9,11,6488
2020-11-26,800,9,6,6502
2020-11-27,565,9,6,5067
2020-11-28,673,9,2,5690
2020-11-29,541,9,0,3328
2020-11-30,378,9,1,4652
2020-12-01,782,9,9,8407
2020-12-02,727,9,21,5432
2020-12-03,592,9,6,5238
2020-12-04,676,9,8,6549
2020-12-05,553,9,9,5658
2020-12-06,505,9,4,4656
2020-12-07,769,9,3,4990
2020-12-08,529,9,6,6681
2020-12-09,489,9,6,5439
2020-12-10,628,9,6,5962
2020-12-11,441,9,8,5227
2020-12-12,478,9,3,6172
2020-12-13,534,9,6,3079
2020-12-14,561,9,4,5719
2020-12-15,462,9,6,6169
2020-12-16,450,9,3,5616
2020-12-17,597,9,7,4888
2020-12-18,519,9,13,6862
2020-12-19,498,9,6,5363
2020-12-20,408,9,1,4271
2020-12-21,311,9,2,5598
2020-12-22,420,9,8,5731
2020-12-23,477,9,5,4839
2020-12-24,459,9,8,6655
2020-12-25,424,9,15,6605
2020-12-26,179,9,3,2820
2020-12-27,276,9,7,3075
2020-12-28,327,9,5,3747
2020-12-29,341,9,6,4514
2020-12-30,530,9,10,4704
2020-12-31,540,9,5,5946
2021-01-01,445,9,6,5766
2021-01-02,358,9,3,3457
2021-01-03,280,9,0,3202
2021-01-04,293,9,2,2850
2021-01-05,479,9,8,5004
2021-01-06,407,9,2,4397
2021-01-07,641,9,13,6850
2021-01-08,639,9,5,6584
2021-01-09,357,9,5,6091
2021-01-10,303,9,0,4031
2021-01-11,370,9,1,3732
2021-01-12,579,9,6,6260
2021-01-13,360,9,7,3750
2021-01-14,457,9,5,7314
2021-01-15,463,9,8,5835
2021-01-16,370,9,7,5162
2021-01-17,337,9,0,5628
2020-03-17,NA,10,NA,NA
2020-03-18,71,10,0,0
2020-03-19,100,10,1,0
2020-03-20,133,10,1,0
2020-03-21,137,10,1,0
2020-03-22,-262,10,-2,0
2020-03-24,126,10,5,0
2020-03-25,91,10,1,0
2020-03-26,240,10,1,0
2020-03-27,132,10,2,0
2020-03-28,128,10,5,0
2020-03-29,416,10,8,0
2020-03-30,110,10,4,0
2020-03-31,274,10,11,0
2020-04-01,262,10,17,0
2020-04-02,231,10,10,0
2020-04-03,415,10,18,0
2020-04-04,432,10,7,0
2020-04-05,277,10,5,0
2020-04-06,241,10,5,0
2020-04-07,342,10,13,0
2020-04-08,425,10,21,0
2020-04-09,339,10,18,0
2020-04-10,475,10,27,0
2020-04-11,391,10,24,0
2020-04-12,449,10,14,0
2020-04-13,308,10,17,0
2020-04-14,317,10,14,0
2020-04-15,407,10,20,0
2020-04-16,331,10,39,0
2020-04-17,537,10,25,0
2020-04-18,406,10,36,0
2020-04-19,351,10,16,0
2020-04-20,349,10,16,0
2020-04-21,539,10,32,0
2020-04-22,525,10,35,0
2020-04-23,586,10,33,0
2020-04-24,766,10,41,0
2020-04-25,445,10,17,0
2020-04-26,760,10,14,0
2020-04-27,562,10,2,0
2020-04-28,584,10,79,0
2020-04-29,612,10,11,0
2020-04-30,555,10,48,0
2020-05-01,928,10,15,0
2020-05-02,661,10,37,0
2020-05-03,849,10,12,0
2020-05-04,450,10,4,79625
2020-05-05,707,10,73,2686
2020-05-06,632,10,38,3049
2020-05-07,651,10,34,3392
2020-05-08,801,10,23,4685
2020-05-09,580,10,26,3202
2020-05-10,424,10,5,2765
2020-05-11,349,10,5,2963
2020-05-12,859,10,23,5652
2020-05-13,419,10,88,2904
2020-05-14,784,10,27,4327
2020-05-15,606,10,33,4965
2020-05-16,484,10,38,4675
2020-05-17,391,10,9,4182
2020-05-18,659,10,5,4388
2020-05-19,516,10,43,3881
2020-05-20,602,10,36,6342
2020-05-21,422,10,13,5651
2020-05-22,688,10,37,7653
2020-05-23,531,10,14,5808
2020-05-24,623,10,11,5727
2020-05-25,492,10,7,5770
2020-05-26,317,10,5,3744
2020-05-27,296,10,60,4376
2020-05-28,393,10,35,4341
2020-05-29,464,10,26,4716
2020-05-30,434,10,10,5042
2020-05-31,364,10,14,4824
2020-06-01,260,10,7,4383
2020-06-02,282,10,54,3670
2020-06-03,287,10,17,4478
2020-06-04,235,10,31,4870
2020-06-05,331,10,11,3304
2020-06-06,227,10,21,5173
2020-06-07,232,10,13,4666
2020-06-08,204,10,3,3684
2020-06-09,212,10,28,4801
2020-06-10,175,10,35,4595
2020-06-11,196,10,20,4185
2020-06-12,109,10,34,5202
2020-06-13,148,10,8,4267
2020-06-14,161,10,3,4685
2020-06-15,124,10,3,4355
2020-06-16,181,10,19,3824
2020-06-17,167,10,35,6170
2020-06-18,166,10,13,4616
2020-06-19,179,10,8,4502
2020-06-20,186,10,16,5022
2020-06-21,176,10,-1,4873
2020-06-22,153,10,1,3861
2020-06-23,162,10,15,3620
2020-06-24,191,10,25,4862
2020-06-25,241,10,4,5535
2020-06-26,174,10,9,6070
2020-06-27,122,10,5,6451
2020-06-28,126,10,4,4054
2020-06-29,167,10,1,4960
2020-06-30,210,10,6,5096
2020-07-01,169,10,3,6623
2020-07-02,197,10,16,6078
2020-07-03,137,10,4,6534
2020-07-04,180,10,1,6258
2020-07-05,136,10,2,5686
2020-07-06,110,10,1,3653
2020-07-07,122,10,12,4852
2020-07-08,219,10,8,6854
2020-07-09,209,10,5,6767
2020-07-10,268,10,8,7422
2020-07-11,241,10,8,5685
2020-07-12,161,10,7,8349
2020-07-13,154,10,-1,5933
2020-07-14,118,10,3,4428
2020-07-15,202,10,-1,6811
2020-07-16,219,10,0,8024
2020-07-17,230,10,6,6593
2020-07-18,258,10,1,7187
2020-07-19,195,10,-2,6176
2020-07-20,195,10,1,6022
2020-07-21,220,10,7,6105
2020-07-22,308,10,9,6800
2020-07-23,285,10,2,7034
2020-07-24,251,10,8,7959
2020-07-25,209,10,6,6813
2020-07-26,273,10,2,6931
2020-07-27,157,10,3,4918
2020-07-28,145,10,6,4562
2020-07-29,249,10,2,5320
2020-07-30,316,10,3,7000
2020-07-31,351,10,6,8672
2020-08-01,260,10,-1,6293
2020-08-02,186,10,5,6441
2020-08-03,193,10,1,4374
2020-08-04,294,10,1,7287
2020-08-05,369,10,2,7335
2020-08-06,375,10,1,6833
2020-08-07,535,10,1,8523
2020-08-08,410,10,2,8389
2020-08-09,283,10,4,7601
2020-08-10,248,10,0,6257
2020-08-11,309,10,2,7079
2020-08-12,305,10,1,5588
2020-08-13,361,10,4,6962
2020-08-14,446,10,3,8008
2020-08-15,303,10,1,8601
2020-08-16,279,10,4,6488
2020-08-17,367,10,0,7514
2020-08-18,309,10,8,6820
2020-08-19,404,10,6,6499
2020-08-20,387,10,3,8232
2020-08-21,440,10,2,9004
2020-08-22,470,10,5,9243
2020-08-23,387,10,1,8010
2020-08-24,269,10,1,6340
2020-08-25,302,10,5,5702
2020-08-26,421,10,5,7740
2020-08-27,298,10,6,5388
2020-08-28,366,10,1,6952
2020-08-29,333,10,0,7220
2020-08-30,444,10,2,9729
2020-08-31,273,10,2,5324
2020-09-01,259,10,5,3902
2020-09-02,340,10,4,5283
2020-09-03,226,10,3,5899
2020-09-04,815,10,3,20765
2020-09-05,548,10,3,10612
2020-09-06,252,10,1,6802
2020-09-07,256,10,1,4069
2020-09-08,256,10,0,5841
2020-09-09,201,10,1,5280
2020-09-10,328,10,2,6902
2020-09-11,347,10,5,8265
2020-09-12,338,10,6,8078
2020-09-13,191,10,2,7890
2020-09-14,216,10,1,5983
2020-09-15,231,10,0,5099
2020-09-16,308,10,5,7890
2020-09-17,347,10,1,7992
2020-09-18,318,10,1,8188
2020-09-19,541,10,2,19385
2020-09-20,237,10,3,7584
2020-09-21,250,10,4,5252
2020-09-22,294,10,3,5849
2020-09-23,243,10,4,5721
2020-09-24,451,10,2,9649
2020-09-25,423,10,7,11135
2020-09-26,462,10,5,10301
2020-09-27,275,10,3,7477
2020-09-28,305,10,3,7717
2020-09-29,208,10,1,6668
2020-09-30,439,10,3,7813
2020-10-01,275,10,2,9329
2020-10-02,433,10,8,11003
2020-10-03,473,10,2,12531
2020-10-04,301,10,3,9005
2020-10-05,407,10,4,6738
2020-10-06,269,10,5,6222
2020-10-07,488,10,1,8371
2020-10-08,557,10,6,11487
2020-10-09,477,10,6,11153
2020-10-10,552,10,6,11725
2020-10-11,443,10,2,10501
2020-10-12,542,10,3,8405
2020-10-13,672,10,7,9148
2020-10-14,395,10,2,8003
2020-10-15,753,10,7,9638
2020-10-16,836,10,3,14637
2020-10-17,690,10,5,15028
2020-10-18,760,10,4,14725
2020-10-19,720,10,6,8803
2020-10-20,717,10,3,9522
2020-10-21,776,10,7,10456
2020-10-22,875,10,4,13187
2020-10-23,595,10,2,11878
2020-10-24,1198,10,11,15414
2020-10-25,722,10,6,13529
2020-10-26,953,10,4,10638
2020-10-27,715,10,3,9743
2020-10-28,1277,10,5,10541
2020-10-29,1136,10,5,13552
2020-10-30,1249,10,4,15117
2020-10-31,1569,10,10,17072
2020-11-01,1554,10,11,15799
2020-11-02,1165,10,6,11359
2020-11-03,1260,10,5,13576
2020-11-04,1605,10,7,11967
2020-11-05,1619,10,23,14478
2020-11-06,2706,10,2,15241
2020-11-07,2358,10,17,18082
2020-11-08,1848,10,20,16825
2020-11-09,2013,10,5,12070
2020-11-10,2235,10,7,15848
2020-11-11,2177,10,34,14453
2020-11-12,2556,10,1,17319
2020-11-13,2959,10,2,17378
2020-11-14,1718,10,46,21205
2020-11-15,2432,10,7,16140
2020-11-16,2065,10,16,15548
2020-11-17,2329,10,7,16029
2020-11-18,980,10,36,16998
2020-11-19,3014,10,14,20360
2020-11-20,2115,10,40,18969
2020-11-21,2148,10,33,18953
2020-11-22,1934,10,20,14583
2020-11-23,1632,10,15,17266
2020-11-24,1370,10,21,17051
2020-11-25,2183,10,8,21007
2020-11-26,2206,10,26,17357
2020-11-27,1263,10,10,14208
2020-11-28,1512,10,45,13269
2020-11-29,1440,10,22,11822
2020-11-30,1175,10,41,12001
2020-12-01,2388,10,7,24624
2020-12-02,1971,10,34,14076
2020-12-03,1963,10,32,17410
2020-12-04,2041,10,7,18371
2020-12-05,1795,10,34,17790
2020-12-06,1541,10,10,14702
2020-12-07,1828,10,36,15465
2020-12-08,1332,10,14,16012
2020-12-09,1580,10,47,13092
2020-12-10,2463,10,23,19446
2020-12-11,1514,10,18,14678
2020-12-12,1733,10,29,19460
2020-12-13,1475,10,18,10544
2020-12-14,1367,10,45,16629
2020-12-15,1350,10,10,14515
2020-12-16,894,10,14,15464
2020-12-17,1315,10,41,14568
2020-12-18,1374,10,33,17518
2020-12-19,1537,10,22,15129
2020-12-20,1132,10,23,13025
2020-12-21,907,10,45,17074
2020-12-22,1285,10,19,15621
2020-12-23,1278,10,22,12488
2020-12-24,1275,10,13,17510
2020-12-25,1093,10,41,16761
2020-12-26,496,10,12,10254
2020-12-27,690,10,24,8000
2020-12-28,816,10,10,9979
2020-12-29,1014,10,16,12197
2020-12-30,1364,10,31,11849
2020-12-31,1334,10,17,15114
2021-01-01,1280,10,32,17600
2021-01-02,848,10,3,11020
2021-01-03,814,10,36,8199
2021-01-04,843,10,19,9723
2021-01-05,1328,10,17,13099
2021-01-06,1495,10,34,12699
2021-01-07,1553,10,23,18440
2021-01-08,1733,10,26,18602
2021-01-09,1095,10,9,17385
2021-01-10,905,10,28,13734
2021-01-11,824,10,28,11430
2021-01-12,1401,10,13,15624
2021-01-13,1170,10,13,10373
2021-01-14,932,10,5,19968
2021-01-15,1346,10,26,17541
2021-01-16,1131,10,31,15575
2021-01-17,839,10,11,18433
2020-03-17,NA,11,NA,NA
2020-03-18,0,11,0,0
2020-03-19,0,11,0,0
2020-03-20,0,11,0,0
2020-03-21,0,11,0,0
2020-03-22,519,11,4,0
2020-03-24,263,11,1,0
2020-03-25,133,11,0,0
2020-03-26,246,11,4,0
2020-03-27,203,11,0,0
2020-03-28,246,11,3,0
2020-03-29,416,11,4,0
2020-03-30,172,11,0,0
2020-03-31,495,11,5,0
2020-04-01,394,11,18,0
2020-04-02,192,11,2,0
2020-04-03,536,11,16,0
2020-04-04,481,11,19,0
2020-04-05,318,11,14,0
2020-04-06,453,11,18,0
2020-04-07,439,11,27,0
2020-04-08,586,11,42,0
2020-04-09,556,11,21,0
2020-04-10,582,11,20,0
2020-04-11,554,11,31,0
2020-04-12,719,11,18,0
2020-04-13,581,11,41,0
2020-04-14,532,11,20,0
2020-04-15,576,11,33,0
2020-04-16,450,11,53,0
2020-04-17,767,11,13,0
2020-04-18,598,11,64,0
2020-04-19,526,11,1,0
2020-04-20,480,11,22,0
2020-04-21,541,11,55,0
2020-04-22,840,11,35,0
2020-04-23,679,11,37,0
2020-04-24,1039,11,37,0
2020-04-25,997,11,30,0
2020-04-26,756,11,32,0
2020-04-27,817,11,32,0
2020-04-28,912,11,31,0
2020-04-29,819,11,48,0
2020-04-30,1078,11,43,0
2020-05-01,1227,11,51,0
2020-05-02,898,11,33,0
2020-05-03,1248,11,31,0
2020-05-04,941,11,12,104885
2020-05-05,801,11,47,3987
2020-05-06,834,11,44,3716
2020-05-07,1001,11,72,4707
2020-05-08,1094,11,64,5405
2020-05-09,858,11,41,4632
2020-05-10,557,11,48,3536
2020-05-11,377,11,39,2798
2020-05-12,1230,11,65,6701
2020-05-13,517,11,52,3691
2020-05-14,1267,11,59,4523
2020-05-15,842,11,54,7144
2020-05-16,823,11,14,5991
2020-05-17,615,11,16,4436
2020-05-18,813,11,45,5363
2020-05-19,485,11,48,4509
2020-05-20,920,11,58,8139
2020-05-21,916,11,27,7826
2020-05-22,710,11,36,6752
2020-05-23,937,11,44,9477
2020-05-24,970,11,46,7482
2020-05-25,595,11,15,6359
2020-05-26,405,11,25,4230
2020-05-27,406,11,41,4171
2020-05-28,392,11,28,5591
2020-05-29,496,11,26,4669
2020-05-30,419,11,23,6188
2020-05-31,442,11,24,5686
2020-06-01,310,11,10,4944
2020-06-02,896,11,13,3947
2020-06-03,244,11,38,7924
2020-06-04,274,11,35,4095
2020-06-05,300,11,22,4010
2020-06-06,353,11,11,4472
2020-06-07,271,11,17,4973
2020-06-08,188,11,15,3676
2020-06-09,240,11,22,4570
2020-06-10,139,11,9,3993
2020-06-11,197,11,36,4688
2020-06-12,162,11,19,5455
2020-06-13,184,11,3,4954
2020-06-14,164,11,12,5484
2020-06-15,154,11,15,4664
2020-06-16,173,11,28,4487
2020-06-17,153,11,14,5943
2020-06-18,155,11,18,4870
2020-06-19,193,11,22,5108
2020-06-20,148,11,10,5107
2020-06-21,116,11,14,5960
2020-06-22,94,11,18,3974
2020-06-23,198,11,2,4432
2020-06-24,163,11,14,5329
2020-06-25,271,11,18,6571
2020-06-26,244,11,18,6932
2020-06-27,217,11,5,7308
2020-06-28,222,11,2,6718
2020-06-29,200,11,11,6666
2020-06-30,204,11,5,6188
2020-07-01,206,11,13,7150
2020-07-02,273,11,12,6602
2020-07-03,256,11,4,7868
2020-07-04,286,11,4,9386
2020-07-05,156,11,3,7218
2020-07-06,139,11,2,5334
2020-07-07,150,11,9,5229
2020-07-08,224,11,5,6637
2020-07-09,300,11,7,7708
2020-07-10,332,11,9,7822
2020-07-11,292,11,10,8669
2020-07-12,258,11,7,9038
2020-07-13,173,11,5,8144
2020-07-14,184,11,9,5129
2020-07-15,274,11,5,8306
2020-07-16,333,11,5,7976
2020-07-17,346,11,9,10954
2020-07-18,244,11,7,10217
2020-07-19,183,11,5,7845
2020-07-20,187,11,0,7815
2020-07-21,192,11,4,6407
2020-07-22,352,11,4,6995
2020-07-23,386,11,6,8234
2020-07-24,365,11,5,10554
2020-07-25,335,11,1,7723
2020-07-26,355,11,-1,10788
2020-07-27,268,11,9,6757
2020-07-28,288,11,9,6394
2020-07-29,311,11,5,6605
2020-07-30,370,11,5,8886
2020-07-31,455,11,8,10592
2020-08-01,378,11,3,9385
2020-08-02,396,11,0,9142
2020-08-03,341,11,3,6844
2020-08-04,203,11,2,9945
2020-08-05,312,11,7,8091
2020-08-06,350,11,1,6756
2020-08-07,317,11,8,9927
2020-08-08,453,11,-1,10046
2020-08-09,299,11,3,9047
2020-08-10,253,11,0,8802
2020-08-11,227,11,2,7991
2020-08-12,255,11,1,6029
2020-08-13,383,11,5,6294
2020-08-14,490,11,5,10429
2020-08-15,317,11,1,10035
2020-08-16,337,11,5,7876
2020-08-17,293,11,2,9669
2020-08-18,242,11,1,7480
2020-08-19,437,11,5,7247
2020-08-20,358,11,1,9342
2020-08-21,447,11,7,9674
2020-08-22,453,11,6,9918
2020-08-23,354,11,4,8960
2020-08-24,300,11,1,7963
2020-08-25,244,11,2,7749
2020-08-26,328,11,4,7047
2020-08-27,221,11,2,5939
2020-08-28,516,11,5,8417
2020-08-29,218,11,1,8267
2020-08-30,435,11,6,8878
2020-08-31,301,11,1,7880
2020-09-01,156,11,3,4883
2020-09-02,284,11,4,5604
2020-09-03,170,11,4,6689
2020-09-04,718,11,3,20189
2020-09-05,523,11,3,10214
2020-09-06,210,11,1,7861
2020-09-07,288,11,2,5102
2020-09-08,194,11,-1,8828
2020-09-09,128,11,3,6211
2020-09-10,234,11,1,5061
2020-09-11,376,11,4,7959
2020-09-12,328,11,10,8651
2020-09-13,258,11,3,8316
2020-09-14,257,11,0,7931
2020-09-15,185,11,3,5649
2020-09-16,248,11,4,7120
2020-09-17,400,11,-1,7493
2020-09-18,269,11,3,11398
2020-09-19,455,11,5,11609
2020-09-20,275,11,2,9534
2020-09-21,245,11,1,6600
2020-09-22,201,11,2,6935
2020-09-23,302,11,4,6418
2020-09-24,356,11,5,8578
2020-09-25,362,11,0,11229
2020-09-26,407,11,4,11525
2020-09-27,275,11,4,9749
2020-09-28,376,11,4,8398
2020-09-29,174,11,3,7818
2020-09-30,326,11,1,6410
2020-10-01,415,11,2,10110
2020-10-02,332,11,2,12509
2020-10-03,451,11,4,12814
2020-10-04,239,11,8,10494
2020-10-05,339,11,0,8392
2020-10-06,192,11,3,8421
2020-10-07,324,11,4,6593
2020-10-08,513,11,0,11708
2020-10-09,440,11,4,12912
2020-10-10,575,11,3,12784
2020-10-11,562,11,0,14162
2020-10-12,506,11,1,10872
2020-10-13,487,11,4,10544
2020-10-14,452,11,4,8362
2020-10-15,709,11,4,8724
2020-10-16,774,11,4,14603
2020-10-17,885,11,6,14569
2020-10-18,932,11,3,16686
2020-10-19,566,11,1,11192
2020-10-20,542,11,2,10460
2020-10-21,906,11,6,9808
2020-10-22,1025,11,4,14165
2020-10-23,803,11,0,15388
2020-10-24,1182,11,6,14053
2020-10-25,1047,11,6,14347
2020-10-26,926,11,8,12888
2020-10-27,652,11,3,11296
2020-10-28,999,11,6,10260
2020-10-29,1405,11,8,11726
2020-10-30,1507,11,2,18336
2020-10-31,1686,11,6,17411
2020-11-01,1888,11,4,19536
2020-11-02,1473,11,4,15889
2020-11-03,1184,11,2,14985
2020-11-04,1387,11,17,11226
2020-11-05,2182,11,10,14513
2020-11-06,2583,11,10,16063
2020-11-07,2300,11,9,17132
2020-11-08,1890,11,7,17315
2020-11-09,2435,11,1,14185
2020-11-10,2080,11,15,19848
2020-11-11,1860,11,16,15085
2020-11-12,2699,11,7,15569
2020-11-13,2986,11,2,18712
2020-11-14,2012,11,22,21632
2020-11-15,2277,11,13,20365
2020-11-16,2442,11,3,16720
2020-11-17,2067,11,12,19547
2020-11-18,1445,11,44,17316
2020-11-19,2841,11,15,17879
2020-11-20,2334,11,12,20386
2020-11-21,2145,11,17,22872
2020-11-22,1936,11,19,18726
2020-11-23,1689,11,19,21730
2020-11-24,1537,11,23,17404
2020-11-25,2005,11,17,22485
2020-11-26,2611,11,3,23129
2020-11-27,1478,11,16,18802
2020-11-28,1200,11,30,14685
2020-11-29,1198,11,11,10353
2020-11-30,974,11,24,11229
2020-12-01,1965,11,14,17415
2020-12-02,1441,11,37,14057
2020-12-03,2227,11,11,18147
2020-12-04,1757,11,19,19663
2020-12-05,1896,11,30,18440
2020-12-06,1649,11,13,15159
2020-12-07,1862,11,24,15948
2020-12-08,1179,11,19,15891
2020-12-09,1309,11,17,12616
2020-12-10,2098,11,36,18926
2020-12-11,1836,11,51,18608
2020-12-12,1724,11,3,19040
2020-12-13,1473,11,10,11353
2020-12-14,1691,11,43,19129
2020-12-15,1197,11,3,16716
2020-12-16,1209,11,24,15651
2020-12-17,1829,11,26,15319
2020-12-18,1385,11,43,16090
2020-12-19,1267,11,3,17407
2020-12-20,1132,11,16,15589
2020-12-21,1013,11,25,20882
2020-12-22,1067,11,21,15249
2020-12-23,1071,11,27,14196
2020-12-24,1112,11,22,17709
2020-12-25,1024,11,26,16188
2020-12-26,771,11,15,13805
2020-12-27,761,11,25,10169
2020-12-28,722,11,7,11679
2020-12-29,903,11,14,10644
2020-12-30,1177,11,36,11739
2020-12-31,1391,11,17,14298
2021-01-01,1272,11,26,16940
2021-01-02,890,11,0,13722
2021-01-03,853,11,28,6901
2021-01-04,1005,11,21,11265
2021-01-05,1202,11,17,13051
2021-01-06,1192,11,8,12647
2021-01-07,1778,11,28,17031
2021-01-08,1766,11,18,18442
2021-01-09,1392,11,14,18303
2021-01-10,894,11,31,15586
2021-01-11,857,11,15,13290
2021-01-12,1287,11,8,12778
2021-01-13,888,11,14,11590
2021-01-14,1509,11,9,19703
2021-01-15,1266,11,18,16663
2021-01-16,984,11,13,16409
2021-01-17,865,11,13,19944
