"date","rt_model_med","rt_model_lower","rt_model_upper","geography_modeled","scenario_name"
2020-03-02,2.18799418101327,2.05936402539434,2.33211952050113,"covidregion_2","baseline"
2020-03-03,2.18688658012689,2.04818041713241,2.30804246406983,"covidregion_2","baseline"
2020-03-04,2.17854853745765,2.05419196681189,2.30866402521312,"covidregion_2","baseline"
2020-03-05,2.18489073133072,2.05853461021796,2.32743158374033,"covidregion_2","baseline"
2020-03-06,2.17515789706279,2.03429018036757,2.30348095406958,"covidregion_2","baseline"
2020-03-07,2.17965621234576,2.05140451941268,2.33495459600103,"covidregion_2","baseline"
2020-03-08,2.18263317472003,2.02520922293948,2.3162894425325,"covidregion_2","baseline"
2020-03-09,2.1919833395028,2.0487110374799,2.33498013673281,"covidregion_2","baseline"
2020-03-10,2.18598798346972,2.05318879616342,2.3215982962438,"covidregion_2","baseline"
2020-03-11,2.19236204254337,2.04300222119206,2.31074952175664,"covidregion_2","baseline"
2020-03-12,2.18890042599404,2.05224344378201,2.32087929129995,"covidregion_2","baseline"
2020-03-13,2.18556864646949,2.06466919510892,2.31781820146611,"covidregion_2","baseline"
2020-03-14,2.18836949980364,2.04457984141685,2.31455262990153,"covidregion_2","baseline"
2020-03-15,2.00371213676429,1.86143430756035,2.15347702311926,"covidregion_2","baseline"
2020-03-16,1.80894851581172,1.69770888442188,1.92244248177474,"covidregion_2","baseline"
2020-03-17,1.60737114216391,1.50012984478935,1.69450042213623,"covidregion_2","baseline"
2020-03-18,1.40726261265924,1.31822271862503,1.50019209543825,"covidregion_2","baseline"
2020-03-19,1.21098502938495,1.12900261976252,1.28174893176578,"covidregion_2","baseline"
2020-03-20,1.00462264378966,0.945723677139055,1.07062521974503,"covidregion_2","baseline"
2020-03-21,1.00320711739156,0.940211930200944,1.05612551966601,"covidregion_2","baseline"
2020-03-22,1.00743809412981,0.954136346615002,1.07420501695918,"covidregion_2","baseline"
2020-03-23,1.02189108258815,0.958148970432407,1.0924599527653,"covidregion_2","baseline"
2020-03-24,1.03486154675867,0.963591504013606,1.08294432283686,"covidregion_2","baseline"
2020-03-25,1.04154706598436,0.981354114055969,1.10223255703298,"covidregion_2","baseline"
2020-03-26,1.04891448875686,0.980835830291944,1.10880368641895,"covidregion_2","baseline"
2020-03-27,1.06457203589466,1.00022627658792,1.14073087227213,"covidregion_2","baseline"
2020-03-28,1.0721945521513,1.01273318815962,1.14083905407841,"covidregion_2","baseline"
2020-03-29,1.08997911491683,1.03129559886155,1.16449812490704,"covidregion_2","baseline"
2020-03-30,1.10057770227459,1.02826539659681,1.17580939757893,"covidregion_2","baseline"
2020-03-31,1.1112737582618,1.03404828565526,1.18690077511396,"covidregion_2","baseline"
2020-04-01,1.11763806108753,1.04483248097344,1.18048893115323,"covidregion_2","baseline"
2020-04-02,1.135070232208,1.06723720685198,1.19491905947552,"covidregion_2","baseline"
2020-04-03,1.14280842171049,1.06771829348114,1.20273660539325,"covidregion_2","baseline"
2020-04-04,1.15710178945855,1.07292997777261,1.22119095534962,"covidregion_2","baseline"
2020-04-05,1.16930336040519,1.09442994689541,1.23989036213494,"covidregion_2","baseline"
2020-04-06,1.16083950097543,1.0795442508061,1.23922411221478,"covidregion_2","baseline"
2020-04-07,1.14852064827697,1.06720133052296,1.23219439338041,"covidregion_2","baseline"
2020-04-08,1.14214253868187,1.06634391569332,1.21528640202391,"covidregion_2","baseline"
2020-04-09,1.13181974423848,1.0481263860704,1.2043648692714,"covidregion_2","baseline"
2020-04-10,1.12160209659808,1.05205296305215,1.20004761728965,"covidregion_2","baseline"
2020-04-11,1.1078262675874,1.03833290261937,1.18228492847525,"covidregion_2","baseline"
2020-04-12,1.10119711661352,1.04029353012166,1.16939988359261,"covidregion_2","baseline"
2020-04-13,1.08801323820236,1.02485836084153,1.15209398699469,"covidregion_2","baseline"
2020-04-14,1.0805123851337,1.0177987937117,1.15224652062766,"covidregion_2","baseline"
2020-04-15,1.07358038974678,1.00577299046112,1.13501885974558,"covidregion_2","baseline"
2020-04-16,1.06150153139185,0.999591230726044,1.12248556862695,"covidregion_2","baseline"
2020-04-17,1.0557871062188,0.984716670473177,1.11446615587807,"covidregion_2","baseline"
2020-04-18,1.04623368239219,0.979192301237873,1.1027432486208,"covidregion_2","baseline"
2020-04-19,1.03309953549128,0.955303204521072,1.09031523077732,"covidregion_2","baseline"
2020-04-20,1.02460441491381,0.961233788209824,1.09296681394043,"covidregion_2","baseline"
2020-04-21,1.0163507609561,0.955084489269915,1.07835922716014,"covidregion_2","baseline"
2020-04-22,1.00554611532841,0.933713791645887,1.06585641877811,"covidregion_2","baseline"
2020-04-23,0.993913554686488,0.93377620132398,1.04799314441369,"covidregion_2","baseline"
2020-04-24,0.993940002352399,0.926897676733109,1.04545979145925,"covidregion_2","baseline"
2020-04-25,0.981827314602713,0.912614323570048,1.04229472937605,"covidregion_2","baseline"
2020-04-26,0.9620226891349,0.895228740817736,1.02935855145834,"covidregion_2","baseline"
2020-04-27,0.955824555003003,0.885997402289936,1.02557335637529,"covidregion_2","baseline"
2020-04-28,0.951061195138415,0.890540153698725,1.00680722569415,"covidregion_2","baseline"
2020-04-29,0.939628516273051,0.879622758248928,0.989933034464485,"covidregion_2","baseline"
2020-04-30,0.930051131333599,0.869649699799537,0.985641732778201,"covidregion_2","baseline"
2020-05-01,0.921935863912654,0.85603949174838,0.972358786082966,"covidregion_2","baseline"
2020-05-02,0.910068234436097,0.855202595930526,0.956423168505515,"covidregion_2","baseline"
2020-05-03,0.901025854673516,0.842673328846479,0.960973487411433,"covidregion_2","baseline"
2020-05-04,0.894799484466396,0.84169032713245,0.948223588695185,"covidregion_2","baseline"
2020-05-05,0.884549378764238,0.824893108417612,0.934699986656883,"covidregion_2","baseline"
2020-05-06,0.872342541977559,0.818526107880638,0.926000620186048,"covidregion_2","baseline"
2020-05-07,0.865147722804405,0.799615743346658,0.917020257505268,"covidregion_2","baseline"
2020-05-08,0.857365525843086,0.8034847123469,0.921977042960034,"covidregion_2","baseline"
2020-05-09,0.843217581931441,0.795988046339191,0.901083697510225,"covidregion_2","baseline"
2020-05-10,0.835074570373459,0.7803248563304,0.893075790895363,"covidregion_2","baseline"
2020-05-11,0.824536474364639,0.764578178223383,0.882144306885025,"covidregion_2","baseline"
2020-05-12,0.816240476008962,0.770118593275132,0.86193986891943,"covidregion_2","baseline"
2020-05-13,0.807269925407596,0.759152068612846,0.851172953569964,"covidregion_2","baseline"
2020-05-14,0.795678967886433,0.748462013258394,0.842689312832013,"covidregion_2","baseline"
2020-05-15,0.789494437724238,0.728100235796107,0.838682673687283,"covidregion_2","baseline"
2020-05-16,0.773342342568736,0.732609793679983,0.827993329299754,"covidregion_2","baseline"
2020-05-17,0.771583906975176,0.718568549980316,0.819400354783056,"covidregion_2","baseline"
2020-05-18,0.762426897315923,0.712236412346042,0.799156966513319,"covidregion_2","baseline"
2020-05-19,0.754871570984436,0.702256772029721,0.796864967629706,"covidregion_2","baseline"
2020-05-20,0.740853380391718,0.690492137240028,0.785574999415109,"covidregion_2","baseline"
2020-05-21,0.733354617825856,0.683556028887894,0.768629240727408,"covidregion_2","baseline"
2020-05-22,0.72220198217341,0.677612990548758,0.765656169400468,"covidregion_2","baseline"
2020-05-23,0.71508636896929,0.668163824479253,0.755336694815249,"covidregion_2","baseline"
2020-05-24,0.703396995606813,0.654296842736319,0.745775677370161,"covidregion_2","baseline"
2020-05-25,0.697488839523796,0.651886913692873,0.737204258394048,"covidregion_2","baseline"
2020-05-26,0.687127937903431,0.649957264081641,0.726330816453821,"covidregion_2","baseline"
2020-05-27,0.673491436488363,0.635637750086492,0.710081135847613,"covidregion_2","baseline"
2020-05-28,0.662653829910702,0.626243438048733,0.710435208019176,"covidregion_2","baseline"
2020-05-29,0.656643378969872,0.619059102321531,0.70202204688982,"covidregion_2","baseline"
2020-05-30,0.645087177273257,0.604769823626568,0.685993737300962,"covidregion_2","baseline"
2020-05-31,0.671603064054449,0.62683745432577,0.717331955829195,"covidregion_2","baseline"
2020-06-01,0.697620013014623,0.654729748130935,0.733848729232177,"covidregion_2","baseline"
2020-06-02,0.724855953611266,0.682718516447288,0.768927688030305,"covidregion_2","baseline"
2020-06-03,0.752189867019553,0.71221133986483,0.802201739019422,"covidregion_2","baseline"
2020-06-04,0.775002935816726,0.727917900382936,0.829157398564466,"covidregion_2","baseline"
2020-06-05,0.804276800899716,0.755060361496935,0.856390071091356,"covidregion_2","baseline"
2020-06-06,0.836492276247737,0.779411322708697,0.88668878586819,"covidregion_2","baseline"
2020-06-07,0.863699074468941,0.807153700233313,0.921709980712274,"covidregion_2","baseline"
2020-06-08,0.888916047495004,0.835111505010749,0.94462022487859,"covidregion_2","baseline"
2020-06-09,0.913962543502511,0.848753095690828,0.966502436626021,"covidregion_2","baseline"
2020-06-10,0.948016719646851,0.897892333951781,1.00087880920467,"covidregion_2","baseline"
2020-06-11,0.974693766291646,0.915248246815656,1.03904102364649,"covidregion_2","baseline"
2020-06-12,1.00616399266704,0.942511976749082,1.06454034097048,"covidregion_2","baseline"
2020-06-13,1.02737641140584,0.956538456412522,1.08852216043536,"covidregion_2","baseline"
2020-06-14,1.05232595475548,0.980183708151561,1.11717174446194,"covidregion_2","baseline"
2020-06-15,1.07908623206018,1.01639627040948,1.14154243914395,"covidregion_2","baseline"
2020-06-16,1.10823862352954,1.04290349176984,1.17087990932444,"covidregion_2","baseline"
2020-06-17,1.13697277697867,1.06793448572815,1.19858307048991,"covidregion_2","baseline"
2020-06-18,1.16242663375754,1.0943215354908,1.23416792060404,"covidregion_2","baseline"
2020-06-19,1.18731820001296,1.1113268996232,1.26250829933667,"covidregion_2","baseline"
2020-06-20,1.21827994275673,1.14143277751702,1.31082202137495,"covidregion_2","baseline"
2020-06-21,1.24297368210048,1.15275581722389,1.30199909860015,"covidregion_2","baseline"
2020-06-22,1.27271036073622,1.19873527828837,1.3620028344318,"covidregion_2","baseline"
2020-06-23,1.26924558113932,1.20187155595332,1.34564048245153,"covidregion_2","baseline"
2020-06-24,1.27476214103764,1.19472034912072,1.36417713963664,"covidregion_2","baseline"
2020-06-25,1.27008476212524,1.20034000594404,1.35350490060748,"covidregion_2","baseline"
2020-06-26,1.27308470973384,1.19222190169537,1.34223388731272,"covidregion_2","baseline"
2020-06-27,1.26972402704922,1.18959611988361,1.34166638331291,"covidregion_2","baseline"
2020-06-28,1.26741546972712,1.18916148022644,1.33793916228191,"covidregion_2","baseline"
2020-06-29,1.26749434597907,1.18700967359565,1.34146446814231,"covidregion_2","baseline"
2020-06-30,1.26826433710425,1.18433363026434,1.34750732794531,"covidregion_2","baseline"
2020-07-01,1.26608465604769,1.19019283562291,1.33713784935946,"covidregion_2","baseline"
2020-07-02,1.26674911943861,1.16787994707928,1.34065398093562,"covidregion_2","baseline"
2020-07-03,1.2600385689685,1.17263894867339,1.32382775450008,"covidregion_2","baseline"
2020-07-04,1.26473906978416,1.17569247301797,1.34598789354793,"covidregion_2","baseline"
2020-07-05,1.26024112368353,1.16966631952458,1.33326990330586,"covidregion_2","baseline"
2020-07-06,1.25725670466799,1.18919654942624,1.32695686065829,"covidregion_2","baseline"
2020-07-07,1.25499382047726,1.17442673521234,1.33008711784881,"covidregion_2","baseline"
2020-07-08,1.24540096866538,1.17146791725005,1.31450802081624,"covidregion_2","baseline"
2020-07-09,1.24040446407744,1.14941651137901,1.31734469326917,"covidregion_2","baseline"
2020-07-10,1.23479859655809,1.16314756291239,1.30165397649098,"covidregion_2","baseline"
2020-07-11,1.22292886573723,1.15205747566989,1.28484570250899,"covidregion_2","baseline"
2020-07-12,1.22005899221399,1.14453909321681,1.3007918565766,"covidregion_2","baseline"
2020-07-13,1.21038696896996,1.13412065588097,1.28073846055403,"covidregion_2","baseline"
2020-07-14,1.19754098963848,1.11481805180705,1.26589283992861,"covidregion_2","baseline"
2020-07-15,1.19917631640068,1.11011812269045,1.27452336286006,"covidregion_2","baseline"
2020-07-16,1.18566551863495,1.11170520068864,1.25887304612369,"covidregion_2","baseline"
2020-07-17,1.18795436899423,1.11608599442543,1.24988829016832,"covidregion_2","baseline"
2020-07-18,1.17741236281359,1.09234739211912,1.23990601389798,"covidregion_2","baseline"
2020-07-19,1.17043972665709,1.09405273839478,1.24196990269053,"covidregion_2","baseline"
2020-07-20,1.15727432540498,1.08391660601604,1.23504915491008,"covidregion_2","baseline"
2020-07-21,1.1519322485391,1.08783921471373,1.22078422860651,"covidregion_2","baseline"
2020-07-22,1.14753842177756,1.08145132875247,1.21209587295744,"covidregion_2","baseline"
2020-07-23,1.13940072556929,1.04687902474883,1.20441485323831,"covidregion_2","baseline"
2020-07-24,1.13494312366843,1.0621919233155,1.2063177603744,"covidregion_2","baseline"
2020-07-25,1.1247538149528,1.04720338550936,1.19933030660275,"covidregion_2","baseline"
2020-07-26,1.11185761728495,1.03924589243398,1.18183875027054,"covidregion_2","baseline"
2020-07-27,1.10730433113694,1.03710275128675,1.1808403577188,"covidregion_2","baseline"
2020-07-28,1.10006711649325,1.02052276710173,1.16655231907483,"covidregion_2","baseline"
2020-07-29,1.09240456757844,1.0192518629055,1.16422486806587,"covidregion_2","baseline"
2020-07-30,1.0842483209647,1.01633538657184,1.14561554031394,"covidregion_2","baseline"
2020-07-31,1.07927845964241,1.02130685847528,1.1430274690006,"covidregion_2","baseline"
2020-08-01,1.06563390978552,1.00168406174275,1.12917993877158,"covidregion_2","baseline"
2020-08-02,1.06349821573288,1.01141297115043,1.13384864488952,"covidregion_2","baseline"
2020-08-03,1.05222800568014,0.979633579011857,1.11899656676056,"covidregion_2","baseline"
2020-08-04,1.04984429760488,0.998141248648743,1.11337359438808,"covidregion_2","baseline"
2020-08-05,1.04043860908869,0.98012637474139,1.10672493929147,"covidregion_2","baseline"
2020-08-06,1.03695040099507,0.972006284209544,1.10135606494855,"covidregion_2","baseline"
2020-08-07,1.0250936919247,0.978023838842507,1.08300943130413,"covidregion_2","baseline"
2020-08-08,1.01747597203236,0.96181824119458,1.073572905105,"covidregion_2","baseline"
2020-08-09,1.01095085593891,0.952531344011455,1.06510492759568,"covidregion_2","baseline"
2020-08-10,1.0009230929534,0.943852543654878,1.06541826511404,"covidregion_2","baseline"
2020-08-11,0.996869307651315,0.93930026024143,1.04630636478233,"covidregion_2","baseline"
2020-08-12,0.987329232949533,0.920832173078738,1.04219107656214,"covidregion_2","baseline"
2020-08-13,0.980771317587662,0.927753456487489,1.04550674530438,"covidregion_2","baseline"
2020-08-14,0.971572628839733,0.914628288404177,1.04501907744043,"covidregion_2","baseline"
2020-08-15,0.967418965215048,0.907702925539609,1.02702786361819,"covidregion_2","baseline"
2020-08-16,0.95572418325021,0.906156226912503,1.01309895195954,"covidregion_2","baseline"
2020-08-17,0.947166673130523,0.889164635139712,1.00271787054667,"covidregion_2","baseline"
2020-08-18,0.944339012035564,0.886790124711106,0.99227318069756,"covidregion_2","baseline"
2020-08-19,0.933687731539483,0.883608050514695,0.988617058339601,"covidregion_2","baseline"
2020-08-20,0.931762244773299,0.865877607775083,0.982799782800101,"covidregion_2","baseline"
2020-08-21,0.922999296532504,0.865805411983814,0.987957263576761,"covidregion_2","baseline"
2020-08-22,0.911777474571174,0.849296324907643,0.96587401601306,"covidregion_2","baseline"
2020-08-23,0.904437337770181,0.851776148380036,0.957162173464435,"covidregion_2","baseline"
2020-08-24,0.895824244796362,0.849859466853705,0.95346376813171,"covidregion_2","baseline"
2020-08-25,0.890676716091258,0.834924212336315,0.93969481094751,"covidregion_2","baseline"
2020-08-26,0.883479007658322,0.827388095319539,0.939000227188967,"covidregion_2","baseline"
2020-08-27,0.88960336916309,0.833306937513292,0.947502589981535,"covidregion_2","baseline"
2020-08-28,0.906444889021967,0.84934842741987,0.961028318411866,"covidregion_2","baseline"
2020-08-29,0.91133970458066,0.85207665555229,0.979855528649146,"covidregion_2","baseline"
2020-08-30,0.915856750163582,0.856889234968307,0.968681307246422,"covidregion_2","baseline"
2020-08-31,0.935417276905669,0.872388651234219,0.987241142808675,"covidregion_2","baseline"
2020-09-01,0.936474681698014,0.872727529627603,0.996576735827387,"covidregion_2","baseline"
2020-09-02,0.94922159307867,0.88508227652956,1.00520907836775,"covidregion_2","baseline"
2020-09-03,0.958122196732805,0.901495444818439,1.02529240670277,"covidregion_2","baseline"
2020-09-04,0.969686097635973,0.905244297405638,1.02436135115113,"covidregion_2","baseline"
2020-09-05,0.982317099631484,0.910139969173933,1.0336816164198,"covidregion_2","baseline"
2020-09-06,0.987313808513444,0.918130270392689,1.04801686814282,"covidregion_2","baseline"
2020-09-07,1.00024667514057,0.945688976295224,1.05721304482587,"covidregion_2","baseline"
2020-09-08,1.00928757298817,0.951536885770138,1.06436284820387,"covidregion_2","baseline"
2020-09-09,1.01633515838141,0.968712160508474,1.07964052964763,"covidregion_2","baseline"
2020-09-10,1.02497684746051,0.963889761429681,1.09178850619856,"covidregion_2","baseline"
2020-09-11,1.03472789848675,0.981338934523172,1.10180378599699,"covidregion_2","baseline"
2020-09-12,1.04366935668063,0.981346798884756,1.10257553052546,"covidregion_2","baseline"
2020-09-13,1.05897565551543,0.992023268522322,1.12617107692607,"covidregion_2","baseline"
2020-09-14,1.06787906429337,0.989671000265881,1.14082166197872,"covidregion_2","baseline"
2020-09-15,1.07347599594439,1.00721195794233,1.13262123662829,"covidregion_2","baseline"
2020-09-16,1.08283512635813,1.0159282046604,1.14403678513798,"covidregion_2","baseline"
2020-09-17,1.09479952864403,1.02910495638562,1.15987039733972,"covidregion_2","baseline"
2020-09-18,1.10162870706148,1.03238933224325,1.18494613523385,"covidregion_2","baseline"
2020-09-19,1.11374766761289,1.04226144798586,1.19917110045784,"covidregion_2","baseline"
2020-09-20,1.12005702321754,1.05129625547239,1.19054884879589,"covidregion_2","baseline"
2020-09-21,1.131232692162,1.05897316327812,1.1887388615374,"covidregion_2","baseline"
2020-09-22,1.138716964201,1.07255065919964,1.20673576794791,"covidregion_2","baseline"
2020-09-23,1.15303137045768,1.07952760039215,1.21814068880428,"covidregion_2","baseline"
2020-09-24,1.16680869729326,1.09539417338443,1.24182893099932,"covidregion_2","baseline"
2020-09-25,1.17405378285766,1.10319241982289,1.24734198132671,"covidregion_2","baseline"
2020-09-26,1.18471392837103,1.10452871078943,1.24722614167486,"covidregion_2","baseline"
2020-09-27,1.19339095385729,1.10761336818611,1.26345098524478,"covidregion_2","baseline"
2020-09-28,1.16351132518188,1.08362841588241,1.23289355396159,"covidregion_2","baseline"
2020-09-29,1.1448305634562,1.0871378340328,1.20687858295561,"covidregion_2","baseline"
2020-09-30,1.12307237383341,1.04733958628028,1.19653307735969,"covidregion_2","baseline"
2020-10-01,1.10550722051381,1.03246951443541,1.17061233037384,"covidregion_2","baseline"
2020-10-02,1.0798524110017,1.01358924244782,1.14021885465073,"covidregion_2","baseline"
2020-10-03,1.05384488458422,1.00134657274341,1.12895960745126,"covidregion_2","baseline"
2020-10-04,1.03631307958511,0.962955136171238,1.08970035779924,"covidregion_2","baseline"
2020-10-05,1.00916188002788,0.942632889526484,1.07090692364471,"covidregion_2","baseline"
2020-10-06,0.988183436288826,0.924280767434936,1.05416503089841,"covidregion_2","baseline"
2020-10-07,0.965627016167639,0.906747997132714,1.03140874142591,"covidregion_2","baseline"
2020-10-08,0.948759811922484,0.876959979545612,1.00855262332193,"covidregion_2","baseline"
2020-10-09,0.962336642720072,0.902465604319908,1.02761329798456,"covidregion_2","baseline"
2020-10-10,1.00484502498077,0.945698014195968,1.07333678618605,"covidregion_2","baseline"
2020-10-11,1.02961411216707,0.962695846026981,1.0960241002314,"covidregion_2","baseline"
2020-10-12,1.06751841448074,0.991637084752461,1.14103289637754,"covidregion_2","baseline"
2020-10-13,1.10095736520876,1.03348780152273,1.1739789114422,"covidregion_2","baseline"
2020-10-14,1.13457495887525,1.06554038582571,1.21298269688702,"covidregion_2","baseline"
2020-10-15,1.16225462992755,1.07910391406791,1.24009954227583,"covidregion_2","baseline"
2020-10-16,1.19328995070058,1.10704300138599,1.26075895656992,"covidregion_2","baseline"
2020-10-17,1.22415818721447,1.14758343254303,1.2994310643593,"covidregion_2","baseline"
2020-10-18,1.26163548672797,1.17936194684934,1.34198573732813,"covidregion_2","baseline"
2020-10-19,1.29806749588853,1.21003275024424,1.37454706091602,"covidregion_2","baseline"
2020-10-20,1.32485692844143,1.25175868059075,1.39999209016964,"covidregion_2","baseline"
2020-10-21,1.35487751387306,1.28202850405824,1.45681886196565,"covidregion_2","baseline"
2020-10-22,1.39694976373498,1.30915494580859,1.48063780387387,"covidregion_2","baseline"
2020-10-23,1.4205848114339,1.33949773137058,1.50739552940753,"covidregion_2","baseline"
2020-10-24,1.451610448702,1.36202535642384,1.54129331057057,"covidregion_2","baseline"
2020-10-25,1.48659215525821,1.39430435189886,1.56787815846399,"covidregion_2","baseline"
2020-10-26,1.46307693287954,1.37146188804479,1.56858563208647,"covidregion_2","baseline"
2020-10-27,1.42749874465609,1.34554688350721,1.53146727909143,"covidregion_2","baseline"
2020-10-28,1.40941237488791,1.31908863523724,1.47730778961931,"covidregion_2","baseline"
2020-10-29,1.38398442304065,1.29237233452734,1.47731478749853,"covidregion_2","baseline"
2020-10-30,1.34771686753419,1.26603223362039,1.42367303241776,"covidregion_2","baseline"
2020-10-31,1.31804378689821,1.24389504651378,1.38954610742278,"covidregion_2","baseline"
2020-11-01,1.29243879258035,1.23420962049255,1.37301758813035,"covidregion_2","baseline"
2020-11-02,1.26798336598023,1.16301816103856,1.32639738792221,"covidregion_2","baseline"
2020-11-03,1.23989005603814,1.16327596109928,1.31312149573831,"covidregion_2","baseline"
2020-11-04,1.20600420515427,1.13789449034582,1.28085089380634,"covidregion_2","baseline"
2020-11-05,1.18903944101387,1.10175811169014,1.24515444714844,"covidregion_2","baseline"
2020-11-06,1.15703138994963,1.09280827189395,1.23258865056516,"covidregion_2","baseline"
2020-11-07,1.11893409300435,1.05312335142245,1.18568860482013,"covidregion_2","baseline"
2020-11-08,1.09612446502378,1.02280274492075,1.16792393611584,"covidregion_2","baseline"
2020-11-09,1.06963282398127,0.999656663744431,1.13829669429629,"covidregion_2","baseline"
2020-11-10,1.04091380614359,0.976558157709731,1.10422866011346,"covidregion_2","baseline"
2020-11-11,1.01279044472792,0.954761383917143,1.07630208218785,"covidregion_2","baseline"
2020-11-12,0.980431227072679,0.911985417564572,1.04076721662488,"covidregion_2","baseline"
2020-11-13,0.9539914677912,0.892108126235293,1.00848303913002,"covidregion_2","baseline"
2020-11-14,0.92931734961157,0.874742648634679,0.98644524097198,"covidregion_2","baseline"
2020-11-15,0.898841036233198,0.842333838483535,0.957492218849573,"covidregion_2","baseline"
2020-11-16,0.896296703901034,0.845847540745235,0.960992470991749,"covidregion_2","baseline"
2020-11-17,0.892069200386229,0.834136628687268,0.949730324594226,"covidregion_2","baseline"
2020-11-18,0.892836459792075,0.825867676303533,0.943990910255701,"covidregion_2","baseline"
2020-11-19,0.890170788860044,0.833434461812939,0.93739784782898,"covidregion_2","baseline"
2020-11-20,0.885558374878928,0.827108373718647,0.940989415085071,"covidregion_2","baseline"
2020-11-21,0.881106154562965,0.821358996819888,0.931847580551393,"covidregion_2","baseline"
2020-11-22,0.882553302815098,0.826066395113655,0.941074174963585,"covidregion_2","baseline"
2020-11-23,0.877723877389839,0.819479561692894,0.936796912222596,"covidregion_2","baseline"
2020-11-24,0.876891801766115,0.815046714221472,0.931955270773233,"covidregion_2","baseline"
2020-11-25,0.878323768590388,0.824832243339552,0.936124371250266,"covidregion_2","baseline"
2020-11-26,0.875814565306361,0.822366827762406,0.921996569822983,"covidregion_2","baseline"
2020-11-27,0.872118044758508,0.81845408601483,0.93371752124018,"covidregion_2","baseline"
2020-11-28,0.870358735027145,0.807060147358177,0.918771533878778,"covidregion_2","baseline"
2020-11-29,0.865424336735417,0.822595796108689,0.926542439162789,"covidregion_2","baseline"
2020-11-30,0.860594574476551,0.816576080062675,0.930560051693136,"covidregion_2","baseline"
2020-12-01,0.862866793855478,0.808361737402693,0.923048744162677,"covidregion_2","baseline"
2020-12-02,0.864117784965114,0.813329195554416,0.916206113061574,"covidregion_2","baseline"
2020-12-03,0.858044432984684,0.798460758564572,0.919764833755289,"covidregion_2","baseline"
2020-12-04,0.856596269860933,0.803617653555753,0.914854360508898,"covidregion_2","baseline"
2020-12-05,0.856789447028095,0.792039963061563,0.907530110031249,"covidregion_2","baseline"
2020-12-06,0.853019059012304,0.800917410552324,0.907890730457804,"covidregion_2","baseline"
2020-12-07,0.855393148560916,0.804587226632935,0.917824167451708,"covidregion_2","baseline"
2020-12-08,0.853298388382062,0.797650654837054,0.904451556002115,"covidregion_2","baseline"
2020-12-09,0.848594011540398,0.786318102811782,0.910559262067232,"covidregion_2","baseline"
2020-12-10,0.846554294994906,0.784907818534711,0.90481462039696,"covidregion_2","baseline"
2020-12-11,0.848746130281927,0.796841401800923,0.903547454973166,"covidregion_2","baseline"
2020-12-12,0.846092230895571,0.790555192442032,0.913255295049472,"covidregion_2","baseline"
2020-12-13,0.844473343876795,0.780527603521251,0.914454362489375,"covidregion_2","baseline"
2020-12-14,0.843348956156094,0.774779548874884,0.916817717840756,"covidregion_2","baseline"
2020-12-15,0.843390222728482,0.784591507615666,0.907285928881014,"covidregion_2","baseline"
2020-12-16,0.844431380894913,0.764125944924656,0.903354029495025,"covidregion_2","baseline"
2020-12-17,0.835745425793157,0.786081508047506,0.896259168507835,"covidregion_2","baseline"
2020-12-18,0.834383450568733,0.778196086001951,0.904105189091338,"covidregion_2","baseline"
2020-12-19,0.835808849366515,0.76930737212244,0.901932739612781,"covidregion_2","baseline"
2020-12-20,0.834118741629429,0.774595475576613,0.899363874945456,"covidregion_2","baseline"
2020-12-21,0.82842183309847,0.777430371055747,0.897484371558755,"covidregion_2","baseline"
2020-12-22,0.831775974068555,0.775294229411048,0.894984320768329,"covidregion_2","baseline"
2020-12-23,0.833933745288544,0.769524665841916,0.893279613681112,"covidregion_2","baseline"
2020-12-24,0.830417321067089,0.768058768320993,0.896635879608393,"covidregion_2","baseline"
2020-12-25,0.830070586266804,0.76423740132747,0.904656030128342,"covidregion_2","baseline"
2020-12-26,0.830600149214457,0.765096197764068,0.916454169049871,"covidregion_2","baseline"
2020-12-27,0.829482375284289,0.761061518812562,0.906871464639457,"covidregion_2","baseline"
2020-12-28,0.822693346156635,0.759421475753589,0.902705965802227,"covidregion_2","baseline"
2020-12-29,0.825439945421675,0.747852932320941,0.891548617832553,"covidregion_2","baseline"
2020-12-30,0.824192515894708,0.756303055656147,0.897199924045735,"covidregion_2","baseline"
2020-12-31,0.82560101001365,0.764098891186435,0.888753729028989,"covidregion_2","baseline"
2021-01-01,0.825494811446293,0.757680216075872,0.901705179669073,"covidregion_2","baseline"
2021-01-02,0.82649699667887,0.751472546812382,0.892784021791621,"covidregion_2","baseline"
2021-01-03,0.816361184042526,0.748607574136748,0.889066213617317,"covidregion_2","baseline"
2021-01-04,0.819600674213162,0.75597571201363,0.89192036214358,"covidregion_2","baseline"
2021-01-05,0.815522978061246,0.750787927671888,0.895010137466096,"covidregion_2","baseline"
2021-01-06,0.814208534045092,0.751748788069353,0.872294941416169,"covidregion_2","baseline"
2021-01-07,0.814751493426215,0.747017362492057,0.87811226133196,"covidregion_2","baseline"
2021-01-08,0.812624024358907,0.745582658414861,0.886694451098195,"covidregion_2","baseline"
2021-01-09,0.808310534100981,0.746342367203901,0.889292192540149,"covidregion_2","baseline"
2021-01-10,0.8110769732674,0.743312059985631,0.886147640106059,"covidregion_2","baseline"
2021-01-11,0.804480483961947,0.747003260433679,0.874813389067036,"covidregion_2","baseline"
2021-01-12,0.802972834969172,0.739826323081225,0.870601747537333,"covidregion_2","baseline"
2021-01-13,0.807553589517959,0.74852374897107,0.873398285596656,"covidregion_2","baseline"
2021-01-14,0.805958767567901,0.73957255355163,0.868325635101617,"covidregion_2","baseline"
2021-01-15,0.800531835556889,0.741372291982637,0.873351986170229,"covidregion_2","baseline"
2021-01-16,0.800714158077064,0.72673884893299,0.877982742548878,"covidregion_2","baseline"
2021-01-17,0.798046045149269,0.737007768120144,0.887070636726393,"covidregion_2","baseline"
2021-01-18,0.800379306718928,0.736198343173747,0.878403066396903,"covidregion_2","baseline"
2021-01-19,0.800377283894982,0.726634336985514,0.873782600709383,"covidregion_2","baseline"
2021-01-20,0.804042583457715,0.733036689513212,0.8689271620198,"covidregion_2","baseline"
2021-01-21,0.798399133532001,0.737673655708543,0.874606649331679,"covidregion_2","baseline"
2021-01-22,0.791433931496696,0.724865427389582,0.863062777416647,"covidregion_2","baseline"
2021-01-23,0.796746272253329,0.741443705851628,0.861715446378025,"covidregion_2","baseline"
2021-01-24,0.794950022954403,0.726140195061198,0.861056407676022,"covidregion_2","baseline"
2021-01-25,0.792725606766671,0.735040548045381,0.870950785881135,"covidregion_2","baseline"
2021-01-26,0.795583808474662,0.739022768888378,0.8719002652042,"covidregion_2","baseline"
2021-01-27,0.793520115461587,0.727650663238458,0.860425770488064,"covidregion_2","baseline"
2021-01-28,0.795027313467655,0.726322658140535,0.859644124840591,"covidregion_2","baseline"
2021-01-29,0.788774421508054,0.72921687588971,0.849386884562296,"covidregion_2","baseline"
2021-01-30,0.78825730160854,0.729665812522745,0.844112895509715,"covidregion_2","baseline"
2021-01-31,0.789652310792735,0.737106227968573,0.847448277155988,"covidregion_2","baseline"
2021-02-01,0.784308379465828,0.733937359927074,0.856739773352268,"covidregion_2","baseline"
2021-02-02,0.787458191998402,0.725748165357379,0.844702436710287,"covidregion_2","baseline"
2021-02-03,0.787231511316496,0.711132338446301,0.85512300636357,"covidregion_2","baseline"
2021-02-04,0.789120070223711,0.722726006655307,0.849323817952634,"covidregion_2","baseline"
2021-02-05,0.785858696774885,0.733677062832924,0.853305795847738,"covidregion_2","baseline"
2021-02-06,0.786473157765055,0.728949865086484,0.841587398119843,"covidregion_2","baseline"
2021-02-07,0.786828015158683,0.721119876444712,0.841223282827346,"covidregion_2","baseline"
2021-02-08,0.781518063869701,0.717426239359776,0.836452879699028,"covidregion_2","baseline"
2021-02-09,0.78438351528019,0.72552278618418,0.850044861029417,"covidregion_2","baseline"
2021-02-10,0.779541248755626,0.723545174994896,0.843570260736332,"covidregion_2","baseline"
2021-02-11,0.781141333718466,0.724684211963253,0.84560076402347,"covidregion_2","baseline"
2021-02-12,0.780801414450985,0.728014296696328,0.83783719663604,"covidregion_2","baseline"
2021-02-13,0.782950242254077,0.721006771271769,0.841472923385375,"covidregion_2","baseline"
2021-02-14,0.782325066419037,0.72684748640524,0.836585565202767,"covidregion_2","baseline"
2021-02-15,0.776526136242733,0.719657326421843,0.843083563749255,"covidregion_2","baseline"
2021-02-16,0.776000999814398,0.723707976951958,0.839073931012812,"covidregion_2","baseline"
2021-02-17,0.779149516548482,0.720471631002216,0.828127562298975,"covidregion_2","baseline"
2021-02-18,0.780186772213121,0.71590778928838,0.839951926098148,"covidregion_2","baseline"
2021-02-19,0.779916465394505,0.723113969863614,0.842072207451185,"covidregion_2","baseline"
2021-02-20,0.778048451257273,0.713060380988822,0.834193249120816,"covidregion_2","baseline"
2021-02-21,0.781001246970073,0.721778421857502,0.833222395520904,"covidregion_2","baseline"
2021-02-22,0.775381453119209,0.71124202383554,0.831509991501985,"covidregion_2","baseline"
2021-02-23,0.778529606903988,0.713085832528324,0.834312146383298,"covidregion_2","baseline"
2021-02-24,0.770846360192871,0.707324599404494,0.835681914133145,"covidregion_2","baseline"
2021-02-25,0.774099702590841,0.72400264270828,0.832043531785569,"covidregion_2","baseline"
2021-02-26,0.774286376632468,0.72190909537053,0.832223299871186,"covidregion_2","baseline"
2021-02-27,0.775658820653281,0.721741180761481,0.827395735983569,"covidregion_2","baseline"
2021-02-28,0.779547247063013,0.712885138595842,0.832157594855063,"covidregion_2","baseline"
2021-03-01,0.776441630748957,0.710907905695148,0.827477560375221,"covidregion_2","baseline"
2021-03-02,0.773523255915114,0.712856853275377,0.833410361428818,"covidregion_2","baseline"
2021-03-03,0.773220796704,0.713976505345345,0.819212350898036,"covidregion_2","baseline"
2021-03-04,0.772856592149631,0.719766078400926,0.817212224382158,"covidregion_2","baseline"
2021-03-05,0.775519988617486,0.716693170749782,0.82577687189348,"covidregion_2","baseline"
2021-03-06,0.767803265194583,0.712628728414293,0.826390461836665,"covidregion_2","baseline"
2021-03-07,0.769768235682927,0.718461713775882,0.81733290585607,"covidregion_2","baseline"
2021-03-08,0.773156823580233,0.712676390166324,0.833529111529913,"covidregion_2","baseline"
2021-03-09,0.771809627674457,0.724074815175229,0.824467746103519,"covidregion_2","baseline"
2021-03-10,0.771356889729238,0.712454960094796,0.822975987997234,"covidregion_2","baseline"
2021-03-11,0.77017620879235,0.703584476424933,0.815423331415183,"covidregion_2","baseline"
2021-03-12,0.768500953371612,0.718110129485553,0.824629421173528,"covidregion_2","baseline"
2021-03-13,0.770933805437707,0.705608068011148,0.837560944938623,"covidregion_2","baseline"
2021-03-14,0.769750928352075,0.711278646457617,0.82522161226817,"covidregion_2","baseline"
2021-03-15,0.770886435716716,0.715316768263898,0.824256173705305,"covidregion_2","baseline"
2021-03-16,0.769743545231663,0.716758762627784,0.820858739282398,"covidregion_2","baseline"
2021-03-17,0.765438324431538,0.716533923502426,0.817145606612739,"covidregion_2","baseline"
2021-03-18,0.77239903041745,0.716024941935299,0.828632819657049,"covidregion_2","baseline"
2021-03-19,0.768221570666037,0.722025575240544,0.822744032584933,"covidregion_2","baseline"
2021-03-20,0.768217565168454,0.72208809663204,0.816306996998407,"covidregion_2","baseline"
2021-03-21,0.76765786809381,0.724812647618258,0.823048313449739,"covidregion_2","baseline"
2021-03-22,0.769153488491584,0.70887268762107,0.819107654449749,"covidregion_2","baseline"
2021-03-23,0.76864613427573,0.71401239621472,0.828093345985271,"covidregion_2","baseline"
2021-03-24,0.766090418995258,0.714348583748252,0.816737997481404,"covidregion_2","baseline"
2021-03-25,0.767469657764458,0.717148411151028,0.820246708172897,"covidregion_2","baseline"
2021-03-26,0.770120373255696,0.709900721904872,0.817966955131467,"covidregion_2","baseline"
2021-03-27,0.769110091687964,0.712698255638124,0.823315453708039,"covidregion_2","baseline"
2021-03-28,0.764307905437758,0.707328450398747,0.812452106364807,"covidregion_2","baseline"
2021-03-29,0.769641589508831,0.705856834527165,0.821974693028581,"covidregion_2","baseline"
2021-03-30,0.767103054724302,0.712861153109715,0.817929673002324,"covidregion_2","baseline"
2021-03-31,0.768929055947672,0.713744936629184,0.822490647091464,"covidregion_2","baseline"
2021-04-01,0.76725290926225,0.710419048256078,0.814131488986572,"covidregion_2","baseline"
